/*
SQLyog Community v12.2.6 (32 bit)
MySQL - 5.7.14-log : Database - gestion
*********************************************************************
*/

/*!40101 SET NAMES utf8 */;

/*!40101 SET SQL_MODE=''*/;

/*!40014 SET @OLD_UNIQUE_CHECKS=@@UNIQUE_CHECKS, UNIQUE_CHECKS=0 */;
/*!40014 SET @OLD_FOREIGN_KEY_CHECKS=@@FOREIGN_KEY_CHECKS, FOREIGN_KEY_CHECKS=0 */;
/*!40101 SET @OLD_SQL_MODE=@@SQL_MODE, SQL_MODE='NO_AUTO_VALUE_ON_ZERO' */;
/*!40111 SET @OLD_SQL_NOTES=@@SQL_NOTES, SQL_NOTES=0 */;
CREATE DATABASE /*!32312 IF NOT EXISTS*/`gestion` /*!40100 DEFAULT CHARACTER SET utf8 */;

USE `gestion`;

/*Table structure for table `articulos` */

DROP TABLE IF EXISTS `articulos`;

CREATE TABLE `articulos` (
  `cod_articulo` int(10) NOT NULL AUTO_INCREMENT,
  `cod_referencia` varchar(100) DEFAULT NULL,
  `cod_uni_med` int(5) NOT NULL,
  `numero_lote` varchar(50) DEFAULT NULL,
  `descripcion` varchar(100) NOT NULL,
  `cod_proveedor` int(10) NOT NULL,
  `cod_marca` int(10) DEFAULT NULL,
  `cod_categoria` int(10) DEFAULT NULL,
  `precio_compra` decimal(10,2) DEFAULT NULL,
  `precio_venta` decimal(10,2) DEFAULT NULL,
  `cantidad_ctrl` int(5) DEFAULT NULL,
  `cod_iva` int(5) NOT NULL,
  `estado` int(5) NOT NULL,
  `stock_ctrl` tinyint(1) DEFAULT NULL,
  PRIMARY KEY (`cod_articulo`),
  KEY `fk_articulos_cod_und_med` (`cod_uni_med`),
  KEY `fk_articulos_cod_marca` (`cod_marca`),
  KEY `fk_articulos_cod_categ` (`cod_categoria`),
  KEY `fk_articulos_cod_prov` (`cod_proveedor`),
  KEY `fk_articulos_cod_iva` (`cod_iva`),
  KEY `fk_articulos_cod_estado` (`estado`),
  CONSTRAINT `fk_articulos_cod_categ` FOREIGN KEY (`cod_categoria`) REFERENCES `categorias` (`cod_categoria`),
  CONSTRAINT `fk_articulos_cod_estado` FOREIGN KEY (`estado`) REFERENCES `estados` (`cod_estado`),
  CONSTRAINT `fk_articulos_cod_iva` FOREIGN KEY (`cod_iva`) REFERENCES `iva` (`cod_iva`),
  CONSTRAINT `fk_articulos_cod_marca` FOREIGN KEY (`cod_marca`) REFERENCES `marcas` (`cod_marca`),
  CONSTRAINT `fk_articulos_cod_prov` FOREIGN KEY (`cod_proveedor`) REFERENCES `proveedores` (`cod_proveedor`),
  CONSTRAINT `fk_articulos_cod_und_med` FOREIGN KEY (`cod_uni_med`) REFERENCES `unidades_medidas` (`cod_uni_medida`)
) ENGINE=InnoDB AUTO_INCREMENT=189 DEFAULT CHARSET=utf8;

/*Data for the table `articulos` */

insert  into `articulos`(`cod_articulo`,`cod_referencia`,`cod_uni_med`,`numero_lote`,`descripcion`,`cod_proveedor`,`cod_marca`,`cod_categoria`,`precio_compra`,`precio_venta`,`cantidad_ctrl`,`cod_iva`,`estado`,`stock_ctrl`) values 
(1,NULL,1,NULL,'ARTICULO GRAL',1,1,1,NULL,NULL,NULL,2,1,1),
(2,NULL,1,NULL,'AFEITADOR REMINGTON',1,1,1,NULL,NULL,NULL,2,1,0),
(3,NULL,1,NULL,'ABDOMINALERA',1,1,1,NULL,NULL,NULL,2,1,NULL),
(4,NULL,1,NULL,'AMOLADORA STANLEY ',1,1,1,NULL,NULL,NULL,2,1,NULL),
(5,NULL,1,NULL,'AMOLADORA WESCO ',1,1,1,NULL,NULL,NULL,2,1,NULL),
(6,NULL,1,NULL,'ARROCERA BLACK+DECKER',1,1,1,NULL,NULL,NULL,2,1,NULL),
(7,NULL,1,NULL,'AUTO RADIO FERRACCI',1,1,1,NULL,NULL,NULL,2,1,NULL),
(8,NULL,1,NULL,'AUTO RADIO PIONEER',1,1,1,NULL,NULL,NULL,2,1,NULL),
(9,NULL,1,NULL,'BABY SIC',1,1,1,NULL,NULL,NULL,2,1,NULL),
(10,NULL,1,NULL,'BALANZA DIGITAL BIONICA',1,1,1,NULL,NULL,NULL,2,1,NULL),
(11,NULL,1,NULL,'BALANZA DIGITAL PARA PERSONA',1,1,1,NULL,NULL,NULL,2,1,NULL),
(12,NULL,1,NULL,'BATERIA VARTA 150AMP',1,1,1,NULL,NULL,NULL,2,1,NULL),
(13,NULL,1,NULL,'BATERIA VARTA 65AMP',1,1,1,NULL,NULL,NULL,2,1,NULL),
(14,NULL,1,NULL,'BATERIA VARTA 75AMP',1,1,1,NULL,NULL,NULL,2,1,NULL),
(15,NULL,1,NULL,'BATERIA VARTA 90AMPER',1,1,1,NULL,NULL,NULL,2,1,NULL),
(16,NULL,1,NULL,'BATIDORA BLACK+DECKER',1,1,1,NULL,NULL,NULL,2,1,NULL),
(17,NULL,1,NULL,'BATIDORA BIONICA',1,1,1,NULL,NULL,NULL,2,1,NULL),
(18,NULL,1,NULL,'BATIDORA  PLANETARIA SPEED',1,1,1,NULL,NULL,NULL,2,1,NULL),
(19,NULL,1,NULL,'BATIDORA PLANETARIA SPEED ROJO',1,1,1,NULL,NULL,NULL,2,1,NULL),
(20,NULL,1,NULL,'BEBEDERO BIONICA',1,1,1,NULL,NULL,NULL,2,1,NULL),
(21,NULL,1,NULL,'BICICLETA FORMAT',1,1,1,NULL,NULL,NULL,2,1,NULL),
(22,NULL,1,NULL,'BICICLETA SMART CHICO ',1,1,1,NULL,NULL,NULL,2,1,NULL),
(23,NULL,1,NULL,'BICICLETA COOL BIKE XANG',1,1,1,NULL,NULL,NULL,2,1,NULL),
(24,NULL,1,NULL,'CABLE DE 1 ',1,1,1,NULL,NULL,NULL,2,1,NULL),
(25,NULL,1,NULL,'CABLE DE 2 ',1,1,1,NULL,NULL,NULL,2,1,NULL),
(26,NULL,1,NULL,'CABLE DE 4',1,1,1,NULL,NULL,NULL,2,1,NULL),
(27,NULL,1,NULL,'CABLE DE 10',1,1,1,NULL,NULL,NULL,2,1,NULL),
(28,NULL,1,NULL,'CAFETERA SINGLE',1,1,1,NULL,NULL,NULL,2,1,NULL),
(29,NULL,1,NULL,'BICICLETA CALOI CALIFORNIA',1,1,1,NULL,NULL,NULL,2,1,NULL),
(30,NULL,1,NULL,'BICICLETA CALOI NEW RIDER ',1,1,1,NULL,NULL,NULL,2,1,NULL),
(31,NULL,1,NULL,'BICICLETA CALOI RIDER ',1,1,1,NULL,NULL,NULL,2,1,NULL),
(32,NULL,1,NULL,'CALENTADOR TETE TOKYO',1,1,1,NULL,NULL,NULL,2,1,NULL),
(33,NULL,1,NULL,'CAMA DE MADERA 1 PLAZA',1,1,1,NULL,NULL,NULL,2,1,NULL),
(34,NULL,1,NULL,'CAMPANA PARA  COCINA',1,1,1,NULL,NULL,NULL,2,1,NULL),
(35,NULL,1,NULL,'CAMINADORA EVOLUTION',1,1,1,NULL,NULL,NULL,2,1,NULL),
(36,NULL,1,NULL,'CAMA DE MADERA GRANDE ',1,1,1,NULL,NULL,NULL,2,1,NULL),
(37,NULL,1,NULL,'CARRITO DE BEBE',1,1,1,NULL,NULL,NULL,2,1,NULL),
(38,NULL,1,NULL,'CARRETILLA DE METAL',1,1,1,NULL,NULL,NULL,2,1,NULL),
(39,NULL,1,NULL,'CARETA PARA SOLDADOR',1,1,1,NULL,NULL,NULL,2,1,NULL),
(40,NULL,1,NULL,'CIERRA DE CORTE RAPIDO STANLEY',1,1,1,NULL,NULL,NULL,2,1,NULL),
(41,NULL,1,NULL,'CLIMATIZADOR SPEED',1,1,1,NULL,NULL,NULL,2,1,NULL),
(42,NULL,1,NULL,'COCINA ATLAS COLISEUN',1,1,1,NULL,NULL,NULL,2,1,NULL),
(43,NULL,1,NULL,'COCINA KAEDE ROMA',1,1,1,NULL,NULL,NULL,2,1,NULL),
(44,NULL,1,NULL,'COLCHON 100X10',1,1,1,NULL,NULL,NULL,2,1,NULL),
(45,NULL,1,NULL,'COLCHON 100X15',1,1,1,NULL,NULL,NULL,2,1,NULL),
(46,NULL,1,NULL,'COLCHON 100X20',1,1,1,NULL,NULL,NULL,2,1,NULL),
(47,NULL,1,NULL,'COLCHON 120X15',1,1,1,NULL,NULL,NULL,2,1,NULL),
(48,NULL,1,NULL,'COLCHON 120X20',1,1,1,NULL,NULL,NULL,2,1,NULL),
(49,NULL,1,NULL,'COLCHON 120X25',1,1,1,NULL,NULL,NULL,2,1,NULL),
(50,NULL,1,NULL,'COLCHON 140X20',1,1,1,NULL,NULL,NULL,2,1,NULL),
(51,NULL,1,NULL,'COLCHON ESPECIAL 160X15',1,1,1,NULL,NULL,NULL,2,1,NULL),
(52,NULL,1,NULL,'COLCHON 160X20',1,1,1,NULL,NULL,NULL,2,1,NULL),
(53,NULL,1,NULL,'COLCHON 160X25',1,1,1,NULL,NULL,NULL,2,1,NULL),
(54,NULL,1,NULL,'COLCHON 80X10',1,1,1,NULL,NULL,NULL,2,1,NULL),
(55,NULL,1,NULL,'COLCHON 80X15',1,1,1,NULL,NULL,NULL,2,1,NULL),
(56,NULL,1,NULL,'COLCHON 80X20',1,1,1,NULL,NULL,NULL,2,1,NULL),
(57,NULL,1,NULL,'COLEMAN MOR',1,1,1,NULL,NULL,NULL,2,1,NULL),
(58,NULL,1,NULL,'CORTADOR DE PELO REMINGTON',1,1,1,NULL,NULL,NULL,2,1,NULL),
(59,NULL,1,NULL,'CORTA CESPED TRAPP',1,1,1,NULL,NULL,NULL,2,1,NULL),
(60,NULL,1,NULL,'DESMALEZADORA MOTOMAX',1,1,1,NULL,NULL,NULL,2,1,NULL),
(61,NULL,1,NULL,'DISCO SOPORTE DE LIXA',1,1,1,NULL,NULL,NULL,2,1,NULL),
(62,NULL,1,NULL,'DISCO STANLEY SEGMENTADO',1,1,1,NULL,NULL,NULL,2,1,NULL),
(63,NULL,1,NULL,'DISCO DIAMANTADO STANLEY',1,1,1,NULL,NULL,NULL,2,1,NULL),
(64,NULL,1,NULL,'DISCO STANLEY TURBO',1,1,1,NULL,NULL,NULL,2,1,NULL),
(65,NULL,1,NULL,'DUCHA SINTEX',1,1,1,NULL,NULL,NULL,2,1,NULL),
(66,NULL,1,NULL,'ESTUFA ALBA',1,1,1,NULL,NULL,NULL,2,1,NULL),
(67,NULL,1,NULL,'ESTUFA NOVEL',1,1,1,NULL,NULL,NULL,2,1,NULL),
(68,NULL,1,NULL,'ESTUFA SOLIS TOKYO',1,1,1,NULL,NULL,NULL,2,1,NULL),
(69,NULL,1,NULL,'FREEZER TOKYO 350LTS',1,1,1,NULL,NULL,NULL,2,1,NULL),
(70,NULL,1,NULL,'FREEZER TOKYO 400LTS',1,1,1,NULL,NULL,NULL,2,1,NULL),
(71,NULL,1,NULL,'FREEZER MABE',1,1,1,NULL,NULL,NULL,2,1,NULL),
(72,NULL,1,NULL,'FREEZER SPEED',1,1,1,NULL,NULL,NULL,2,1,NULL),
(73,NULL,1,NULL,'FREEZER VERTICAL',1,1,1,NULL,NULL,NULL,2,1,NULL),
(74,NULL,1,NULL,'FRIGOBAR TOKYO',1,1,1,NULL,NULL,NULL,2,1,NULL),
(75,NULL,1,NULL,'GENERADOR RESA',1,1,1,NULL,NULL,NULL,2,1,NULL),
(76,NULL,1,NULL,'HELADERA MABE 215LTS',1,1,1,NULL,NULL,NULL,2,1,NULL),
(77,NULL,1,NULL,'HELADERA TOKYO 342',1,1,1,NULL,NULL,NULL,2,1,NULL),
(78,NULL,1,NULL,'HELADERA ELECTROLUX',1,1,1,NULL,NULL,NULL,2,1,NULL),
(79,NULL,1,NULL,'HELADERA TOKYO INOX',1,1,1,NULL,NULL,NULL,2,1,NULL),
(80,NULL,1,NULL,'HELADERA TOKYO MAGNA',1,1,1,NULL,NULL,NULL,2,1,NULL),
(81,NULL,1,NULL,'CAJA DE HERRAMIENTAS STANLEY',1,1,1,NULL,NULL,NULL,2,1,NULL),
(82,NULL,1,NULL,'HIDROLAVADORA DUCATI 1800',1,1,1,NULL,NULL,NULL,2,1,NULL),
(83,NULL,1,NULL,'HIDROLAVADORA DUCATI 2100',1,1,1,NULL,NULL,NULL,2,1,NULL),
(84,NULL,1,NULL,'HIDROLAVADORA ALTA PRESION STANLEY',1,1,1,NULL,NULL,NULL,2,1,NULL),
(85,NULL,1,NULL,'HORNO TOKYO 45L',1,1,1,NULL,NULL,NULL,2,1,NULL),
(86,NULL,1,NULL,'HORNO ATLAS 44 L',1,1,1,NULL,NULL,NULL,2,1,NULL),
(87,NULL,1,NULL,'HORNO ELECTRICO SPEED',1,1,1,NULL,NULL,NULL,2,1,NULL),
(88,NULL,1,NULL,'HORNO HALOGENO SPEED',1,1,1,NULL,NULL,NULL,2,1,NULL),
(89,NULL,1,NULL,'INSECTOCUTOR',1,1,1,NULL,NULL,NULL,2,1,NULL),
(90,NULL,1,NULL,'JARRA ELECTRICA MAXON',1,1,1,NULL,NULL,NULL,2,1,NULL),
(91,NULL,1,NULL,'JUEGO DE LLAVES ',1,1,1,NULL,NULL,NULL,2,1,NULL),
(92,NULL,1,NULL,'JUEGO DE OLLAS PALAZZO',1,1,1,NULL,NULL,NULL,2,1,NULL),
(93,NULL,1,NULL,'KENTON GL 150',1,1,1,NULL,NULL,NULL,2,1,NULL),
(94,NULL,1,NULL,'KENTON MOTONETA 110CC',1,1,1,NULL,NULL,NULL,2,1,NULL),
(95,NULL,1,NULL,'KENTON GTR 150',1,1,1,NULL,NULL,NULL,2,1,NULL),
(96,NULL,1,NULL,'KIT DE AIRE SCHULZ',1,1,1,NULL,NULL,NULL,2,1,NULL),
(97,NULL,1,NULL,'LAVARROPA KAEDE BELEM',1,1,1,NULL,NULL,NULL,2,1,NULL),
(98,NULL,1,NULL,'LAVARROPA KAEDE CORAL 10K',1,1,1,NULL,NULL,NULL,2,1,NULL),
(99,NULL,1,NULL,'LAVARROPA KAEDE AUTO 6K',1,1,1,NULL,NULL,NULL,2,1,NULL),
(100,NULL,1,NULL,'LAVARROPA WHIRPOOL 6KILOS',1,1,1,NULL,NULL,NULL,2,1,NULL),
(101,NULL,1,NULL,'LICUADORA 3L 700W',1,1,1,NULL,NULL,NULL,2,1,NULL),
(102,NULL,1,NULL,'LICUADORA ARNO POWER MAX',1,1,1,NULL,NULL,NULL,2,1,NULL),
(103,NULL,1,NULL,'LICUADORA BIONICA',1,1,1,NULL,NULL,NULL,2,1,NULL),
(104,NULL,1,NULL,'LICUADORA PHILIPS',1,1,1,NULL,NULL,NULL,2,1,NULL),
(105,NULL,1,NULL,'LICUADORA SPEED 1,5LTS',1,1,1,NULL,NULL,NULL,2,1,NULL),
(106,NULL,1,NULL,'LICUADORA TERMIX2',1,1,1,NULL,NULL,NULL,2,1,NULL),
(107,NULL,1,NULL,'LICUADORA TOKYO 2L',1,1,1,NULL,NULL,NULL,2,1,NULL),
(108,NULL,1,NULL,'LINTERNITA',1,1,1,NULL,NULL,NULL,2,1,NULL),
(109,NULL,1,NULL,'LLAVE DE LUZ',1,1,1,NULL,NULL,NULL,2,1,NULL),
(110,NULL,1,NULL,'LONA CUBRIDOR',1,1,1,NULL,NULL,NULL,2,1,NULL),
(111,NULL,1,NULL,'MATA INSECTOS STRONG',1,1,1,NULL,NULL,NULL,2,1,NULL),
(112,NULL,1,NULL,'MESA FORMICA PARA 4 SILLAS ',1,1,1,NULL,NULL,NULL,2,1,NULL),
(113,NULL,1,NULL,'MESA DE FORMICA 6 SILLAS ',1,1,1,NULL,NULL,NULL,2,1,NULL),
(114,NULL,1,NULL,'MESA FORMICA PARA 8 SILLAS',1,1,1,NULL,NULL,NULL,2,1,NULL),
(115,NULL,1,NULL,'MESITA FORMICA ',1,1,1,NULL,NULL,NULL,2,1,NULL),
(116,NULL,1,NULL,'COMPRESOR MICHELIN CHICO',1,1,1,NULL,NULL,NULL,2,1,NULL),
(117,NULL,1,NULL,'COMPRESOR MICHELIN GRANDE',1,1,1,NULL,NULL,NULL,2,1,NULL),
(118,NULL,1,NULL,'MICROONDAS WHIRLPOOL',1,1,1,NULL,NULL,NULL,2,1,NULL),
(119,NULL,1,NULL,'MINI PULIDORA',1,1,1,NULL,NULL,NULL,2,1,NULL),
(120,NULL,1,NULL,'MINICOMP.SPEED 4500',1,1,1,NULL,NULL,NULL,2,1,NULL),
(121,NULL,1,NULL,'MOLINILLO',1,1,1,NULL,NULL,NULL,2,1,NULL),
(122,NULL,1,NULL,'MOLINO DE CARNE MOLINEX',1,1,1,NULL,NULL,NULL,2,1,NULL),
(123,NULL,1,NULL,'NEBULIZADOR TOKYO ',1,1,1,NULL,NULL,NULL,2,1,NULL),
(124,NULL,1,NULL,'OLLA A PRESION CLOCK',1,1,1,NULL,NULL,NULL,2,1,NULL),
(125,NULL,1,NULL,'ONDULADOR REMINGTON',1,1,1,NULL,NULL,NULL,2,1,NULL),
(126,NULL,1,NULL,'PARLANTE MEGA STAR 1202BT',1,1,1,NULL,NULL,NULL,2,1,NULL),
(127,NULL,1,NULL,'PARLANTE KARAOKE TOKYO 12',1,1,1,NULL,NULL,NULL,2,1,NULL),
(128,NULL,1,NULL,'PARLANTE KARAOKE TOKYO 15',1,1,1,NULL,NULL,NULL,2,1,NULL),
(129,NULL,1,NULL,'PARLANTE ECOPOWER EP2329',1,1,1,NULL,NULL,NULL,2,1,NULL),
(130,NULL,1,NULL,'PARLANTE MAXON 6150BT',1,1,1,NULL,NULL,NULL,2,1,NULL),
(131,NULL,1,NULL,'PARLANRTECOPOWER EP3852',1,1,1,NULL,NULL,NULL,2,1,NULL),
(132,NULL,1,NULL,'PARLANRTECOPOWER EP3858',1,1,1,NULL,NULL,NULL,2,1,NULL),
(133,NULL,1,NULL,'PARRILLA ASADOR',1,1,1,NULL,NULL,NULL,2,1,NULL),
(134,NULL,1,NULL,'PARRILLA GRILLE FOREMAN',1,1,1,NULL,NULL,NULL,2,1,NULL),
(135,NULL,1,NULL,'PARLANTES PIONEER 420',1,1,1,NULL,NULL,NULL,2,1,NULL),
(136,NULL,1,NULL,'PIPOQUERA ',1,1,1,NULL,NULL,NULL,2,1,NULL),
(137,NULL,1,NULL,'PISTOLA DE CALOR STANLEY 1800W',1,1,1,NULL,NULL,NULL,2,1,NULL),
(138,NULL,1,NULL,'PLACA IND. TOKYO 1400W',1,1,1,NULL,NULL,NULL,2,1,NULL),
(139,NULL,1,NULL,'PLANCHA SECA BLACK+DECKER',1,1,1,NULL,NULL,NULL,2,1,NULL),
(140,NULL,1,NULL,'PLANCHITA REMING',1,1,1,NULL,NULL,NULL,2,1,NULL),
(141,NULL,1,NULL,'PLACA INFRARROJA SPEDD',1,1,1,NULL,NULL,NULL,2,1,NULL),
(142,NULL,1,NULL,'PLACA INDUCCION TOKYO',1,1,1,NULL,NULL,NULL,2,1,NULL),
(143,NULL,1,NULL,'PLANCHA VERTICAL TOKYO',1,1,1,NULL,NULL,NULL,2,1,NULL),
(144,NULL,1,NULL,'PRUEBA ARTICULOI',1,1,1,NULL,NULL,NULL,2,1,NULL),
(145,NULL,1,NULL,'PROCESADOR BLACK+DECKER',1,1,1,NULL,NULL,NULL,2,1,NULL),
(146,NULL,1,NULL,'PULIDORA SCHULZ',1,1,1,NULL,NULL,NULL,2,1,NULL),
(147,NULL,1,NULL,'RADIO AKITA 628',1,1,1,NULL,NULL,NULL,2,1,NULL),
(148,NULL,1,NULL,'RADIO BAK 811BT',1,1,1,NULL,NULL,NULL,2,1,NULL),
(149,NULL,1,NULL,'RADIO TOSHIBA HRV30',1,1,1,NULL,NULL,NULL,2,1,NULL),
(150,NULL,1,NULL,'SARTEN PALAZZO',1,1,1,NULL,NULL,NULL,2,1,NULL),
(151,NULL,1,NULL,'SECADOR DE PELO PHILIPS',1,1,1,NULL,NULL,NULL,2,1,NULL),
(152,NULL,1,NULL,'SECADOR REMINGTON',1,1,1,NULL,NULL,NULL,2,1,NULL),
(153,NULL,1,NULL,'SILLONCITOS',1,1,1,NULL,NULL,NULL,2,1,NULL),
(154,NULL,1,NULL,'SILLON DE JARDIN ',1,1,1,NULL,NULL,NULL,2,1,NULL),
(155,NULL,1,NULL,'SILLA DE PLASTICO BLANCO',1,1,1,NULL,NULL,NULL,2,1,NULL),
(156,NULL,1,NULL,'SILLON RECLINABLE ',1,1,1,NULL,NULL,NULL,2,1,NULL),
(157,NULL,1,NULL,'SILLONCITOS RECLINABLES',1,1,1,NULL,NULL,NULL,2,1,NULL),
(158,NULL,1,NULL,'SOLDADOR RESA HUGONG',1,1,1,NULL,NULL,NULL,2,1,NULL),
(159,NULL,1,NULL,'SOMIER KAEDE 120',1,1,1,NULL,NULL,NULL,2,1,NULL),
(160,NULL,1,NULL,'SOMIER KAEDE 140',1,1,1,NULL,NULL,NULL,2,1,NULL),
(161,NULL,1,NULL,'SOMIER KAEDE CELESTE',1,1,1,NULL,NULL,NULL,2,1,NULL),
(162,NULL,1,NULL,'SOMIER TREBOL REINA',1,1,1,NULL,NULL,NULL,2,1,NULL),
(163,NULL,1,NULL,'SPLIT TOKYO 12000BTU',1,1,1,NULL,NULL,NULL,2,1,NULL),
(164,NULL,1,NULL,'SPLIT TOKYO 18000BTU',1,1,1,NULL,NULL,NULL,2,1,NULL),
(165,NULL,1,NULL,'TALADRO PERCUTOR 600W STANLEY ',1,1,1,NULL,NULL,NULL,2,1,NULL),
(166,NULL,1,NULL,'TALADRO PERCUTOR 800W STANLEY',1,1,1,NULL,NULL,NULL,2,1,NULL),
(167,NULL,1,NULL,'TALADRO INALAMBRICO',1,1,1,NULL,NULL,NULL,2,1,NULL),
(168,NULL,1,NULL,'TALADRO MILWAUKEP',1,1,1,NULL,NULL,NULL,2,1,NULL),
(169,NULL,1,NULL,'TALADRO WESCO 1000W',1,1,1,NULL,NULL,NULL,2,1,NULL),
(170,NULL,1,NULL,'TEATRO EN CASA MEGA STAR',1,1,1,NULL,NULL,NULL,2,1,NULL),
(171,NULL,1,NULL,'TELEFONO MEGA STAR',1,1,1,NULL,NULL,NULL,2,1,NULL),
(172,NULL,1,NULL,'TROMPITO ALAS',1,1,1,NULL,NULL,NULL,2,1,NULL),
(173,NULL,1,NULL,'TELEVISOR QUICK 21 PULGADAS',1,1,1,NULL,NULL,NULL,2,1,NULL),
(174,NULL,1,NULL,'TV SPEED 32P SMART',1,1,1,NULL,NULL,NULL,2,1,NULL),
(175,NULL,1,NULL,'TV TOKYO NORMAL 21P ',1,1,1,NULL,NULL,NULL,2,1,NULL),
(176,NULL,1,NULL,'TV TOKYO NORMAL 32P',1,1,1,NULL,NULL,NULL,2,1,NULL),
(177,NULL,1,NULL,'TV TOKYO NORMAL 40P ',1,1,1,NULL,NULL,NULL,2,1,NULL),
(178,NULL,1,NULL,'TV TOKYO NORMAL 43P ',1,1,1,NULL,NULL,NULL,2,1,NULL),
(179,NULL,1,NULL,'TV TOKYO SMART 32P',1,1,1,NULL,NULL,NULL,2,1,NULL),
(180,NULL,1,NULL,'TV TOKYO SMART 40P',1,1,1,NULL,NULL,NULL,2,1,NULL),
(181,NULL,1,NULL,'TV TOKYO SMART 49P',1,1,1,NULL,NULL,NULL,2,1,NULL),
(182,NULL,1,NULL,'VENTILADOR DE MANO',1,1,1,NULL,NULL,NULL,2,1,NULL),
(183,NULL,1,NULL,'VENTILADOR DE PIE TOKYO',1,1,1,NULL,NULL,NULL,2,1,NULL),
(184,NULL,1,NULL,'VENTILADOR DE TECHO 7 VEL',1,1,1,NULL,NULL,NULL,2,1,NULL),
(185,NULL,1,NULL,'CENTRIFUGADORA WANKEE 10K',1,1,1,NULL,NULL,NULL,2,1,NULL),
(186,NULL,1,NULL,'CENTRIFUGADORA WANKEE 20K',1,1,1,NULL,NULL,NULL,2,1,NULL),
(187,'',1,'','ARTICULO DE PRUEBA1',1,1,1,NULL,NULL,NULL,1,4,1),
(188,'',1,'','ARTICULO DE PRUEBAA2',1,1,1,NULL,NULL,NULL,1,4,1);

/*Table structure for table `articulos_deposito` */

DROP TABLE IF EXISTS `articulos_deposito`;

CREATE TABLE `articulos_deposito` (
  `cod_deposito` int(5) NOT NULL AUTO_INCREMENT,
  `cod_sucursal` int(5) DEFAULT NULL,
  `descripcion` varchar(50) DEFAULT NULL,
  PRIMARY KEY (`cod_deposito`),
  KEY `fk_art_depos_cod_suc` (`cod_sucursal`),
  CONSTRAINT `fk_art_depos_cod_suc` FOREIGN KEY (`cod_sucursal`) REFERENCES `sucursales` (`cod_sucursal`)
) ENGINE=InnoDB AUTO_INCREMENT=2 DEFAULT CHARSET=utf8;

/*Data for the table `articulos_deposito` */

insert  into `articulos_deposito`(`cod_deposito`,`cod_sucursal`,`descripcion`) values 
(1,1,'CASA CENTRAL');

/*Table structure for table `barrios` */

DROP TABLE IF EXISTS `barrios`;

CREATE TABLE `barrios` (
  `cod_barrio` int(10) NOT NULL AUTO_INCREMENT,
  `cod_ciudad` int(10) NOT NULL,
  `desc_barrio` varchar(100) NOT NULL,
  PRIMARY KEY (`cod_barrio`),
  KEY `fk_ciudades_cod_ciud` (`cod_ciudad`),
  CONSTRAINT `fk_ciudades_cod_ciud` FOREIGN KEY (`cod_ciudad`) REFERENCES `ciudades` (`cod_ciudad`)
) ENGINE=InnoDB AUTO_INCREMENT=4 DEFAULT CHARSET=utf8;

/*Data for the table `barrios` */

insert  into `barrios`(`cod_barrio`,`cod_ciudad`,`desc_barrio`) values 
(1,2,'CAACUPEMI'),
(2,2,'VALLE PUCU'),
(3,2,'ISLA VALLE');

/*Table structure for table `cajas` */

DROP TABLE IF EXISTS `cajas`;

CREATE TABLE `cajas` (
  `cod_caja` int(10) NOT NULL AUTO_INCREMENT,
  `cod_sucursal` int(5) DEFAULT NULL,
  `desc_caja` varchar(50) DEFAULT NULL,
  `fecha_alta` date DEFAULT NULL,
  `estado` int(5) DEFAULT NULL,
  PRIMARY KEY (`cod_caja`),
  KEY `fk_cajas_cod_sucursal` (`cod_sucursal`),
  CONSTRAINT `fk_cajas_cod_sucursal` FOREIGN KEY (`cod_sucursal`) REFERENCES `sucursales` (`cod_sucursal`)
) ENGINE=InnoDB DEFAULT CHARSET=utf8;

/*Data for the table `cajas` */

/*Table structure for table `cajas_habilitaciones` */

DROP TABLE IF EXISTS `cajas_habilitaciones`;

CREATE TABLE `cajas_habilitaciones` (
  `cod_habilitacion` int(10) NOT NULL AUTO_INCREMENT,
  `cod_caja` int(10) DEFAULT NULL,
  `fecha_hab` date DEFAULT NULL,
  `fecha_cierre` date DEFAULT NULL,
  `saldo_inicial` decimal(10,2) DEFAULT NULL,
  `cod_sucursal` int(5) DEFAULT NULL,
  `cod_usuario` varchar(20) DEFAULT NULL,
  `estado` int(5) DEFAULT NULL,
  PRIMARY KEY (`cod_habilitacion`),
  KEY `fk_caj_hab_cod_caja` (`cod_caja`),
  KEY `fk_caj_hab_cod_suc` (`cod_sucursal`),
  CONSTRAINT `fk_caj_hab_cod_caja` FOREIGN KEY (`cod_caja`) REFERENCES `cajas` (`cod_caja`),
  CONSTRAINT `fk_caj_hab_cod_suc` FOREIGN KEY (`cod_sucursal`) REFERENCES `sucursales` (`cod_sucursal`)
) ENGINE=InnoDB DEFAULT CHARSET=utf8;

/*Data for the table `cajas_habilitaciones` */

/*Table structure for table `categorias` */

DROP TABLE IF EXISTS `categorias`;

CREATE TABLE `categorias` (
  `cod_categoria` int(10) NOT NULL AUTO_INCREMENT,
  `descripcion` varchar(100) NOT NULL,
  PRIMARY KEY (`cod_categoria`)
) ENGINE=InnoDB AUTO_INCREMENT=2 DEFAULT CHARSET=utf8;

/*Data for the table `categorias` */

insert  into `categorias`(`cod_categoria`,`descripcion`) values 
(1,'GENERAL');

/*Table structure for table `ciudades` */

DROP TABLE IF EXISTS `ciudades`;

CREATE TABLE `ciudades` (
  `cod_ciudad` int(10) NOT NULL AUTO_INCREMENT,
  `cod_departamento` int(10) NOT NULL,
  `desc_ciudad` varchar(100) NOT NULL,
  PRIMARY KEY (`cod_ciudad`),
  KEY `fk_departam_cod_depart` (`cod_departamento`),
  CONSTRAINT `fk_departam_cod_depart` FOREIGN KEY (`cod_departamento`) REFERENCES `departamentos` (`cod_departamento`)
) ENGINE=InnoDB AUTO_INCREMENT=24 DEFAULT CHARSET=utf8;

/*Data for the table `ciudades` */

insert  into `ciudades`(`cod_ciudad`,`cod_departamento`,`desc_ciudad`) values 
(1,11,'ASUNCION'),
(2,11,'AREGUA'),
(3,11,'LUQUE'),
(4,11,'SAN LORENZO'),
(23,11,'CAPIATA');

/*Table structure for table `clientes` */

DROP TABLE IF EXISTS `clientes`;

CREATE TABLE `clientes` (
  `cod_cliente` int(10) NOT NULL AUTO_INCREMENT,
  `cod_persona` int(10) NOT NULL,
  `cod_moneda` int(5) DEFAULT NULL,
  `cod_cobrador` int(10) DEFAULT NULL,
  `cod_vendedor` int(10) DEFAULT NULL,
  `limite_credito` decimal(10,2) DEFAULT NULL,
  `cod_cond_venta` int(10) DEFAULT NULL,
  `cod_tip_cliente` int(10) DEFAULT NULL,
  `comentario` varchar(1000) DEFAULT NULL,
  `estado` int(10) DEFAULT NULL,
  PRIMARY KEY (`cod_cliente`),
  KEY `fk_cliente_cod_persona` (`cod_persona`),
  KEY `fk_cliente_cod_moneda` (`cod_moneda`),
  KEY `fk_cliente_cod_cob` (`cod_cobrador`),
  KEY `fk_cliente_cod_vend` (`cod_vendedor`),
  KEY `fk_cliente_cod_cond_vent` (`cod_cond_venta`),
  KEY `fk_cliente_cod_tip_clien` (`cod_tip_cliente`),
  KEY `fk_cliente_cod_estado` (`estado`),
  CONSTRAINT `fk_cliente_cod_cob` FOREIGN KEY (`cod_cobrador`) REFERENCES `cobradores` (`cod_cobrador`),
  CONSTRAINT `fk_cliente_cod_cond_vent` FOREIGN KEY (`cod_cond_venta`) REFERENCES `condiciones_ventas` (`cod_condicion`),
  CONSTRAINT `fk_cliente_cod_estado` FOREIGN KEY (`estado`) REFERENCES `estados` (`cod_estado`),
  CONSTRAINT `fk_cliente_cod_persona` FOREIGN KEY (`cod_persona`) REFERENCES `personas` (`cod_persona`),
  CONSTRAINT `fk_cliente_cod_tip_clien` FOREIGN KEY (`cod_tip_cliente`) REFERENCES `tipo_cliente` (`cod_tip_cliente`),
  CONSTRAINT `fk_cliente_cod_vend` FOREIGN KEY (`cod_vendedor`) REFERENCES `vendedores` (`cod_vendedor`)
) ENGINE=InnoDB AUTO_INCREMENT=516 DEFAULT CHARSET=utf8;

/*Data for the table `clientes` */

insert  into `clientes`(`cod_cliente`,`cod_persona`,`cod_moneda`,`cod_cobrador`,`cod_vendedor`,`limite_credito`,`cod_cond_venta`,`cod_tip_cliente`,`comentario`,`estado`) values 
(1,1,1,1,1,500000.00,1,1,'OCACIONAL',1),
(2,1,1,1,1,NULL,1,1,'PRUEBA',1),
(3,2,1,1,1,NULL,1,1,'CLIENTE POTENCIAL',1),
(4,3,1,1,1,NULL,1,1,'PRUEBA',1),
(5,5,1,1,1,NULL,1,1,'PRUEBA',1),
(6,6,1,1,1,NULL,1,1,'PRUEBA',1),
(7,7,1,1,1,NULL,1,1,'PRUEBA',1),
(8,8,1,1,1,NULL,1,1,'PRUEBA',1),
(9,9,1,1,1,NULL,1,1,'PRUEBA',1),
(10,10,1,1,1,NULL,1,1,'PRUEBA',1),
(11,11,1,1,1,NULL,1,1,'PRUEBA',1),
(12,12,1,1,1,NULL,1,1,'PRUEBA',1),
(13,13,1,1,1,NULL,1,1,'PRUEBA',1),
(14,14,1,1,1,NULL,1,1,'PRUEBA',1),
(15,15,1,1,1,NULL,1,1,'PRUEBA',1),
(16,16,1,1,1,NULL,1,1,'PRUEBA',1),
(17,17,1,1,1,NULL,1,1,'PRUEBA',1),
(18,18,1,1,1,NULL,1,1,'PRUEBA',1),
(19,19,1,1,1,NULL,1,1,'PRUEBA',1),
(20,20,1,1,1,NULL,1,1,'PRUEBA',1),
(21,21,1,1,1,NULL,1,1,'PRUEBA',1),
(22,22,1,1,1,NULL,1,1,'PRUEBA',1),
(23,23,1,1,1,NULL,1,1,'PRUEBA',1),
(24,24,1,1,1,NULL,1,1,'PRUEBA',1),
(25,25,1,1,1,NULL,1,1,'PRUEBA',1),
(26,26,1,1,1,NULL,1,1,'PRUEBA',1),
(27,27,1,1,1,NULL,1,1,'PRUEBA',1),
(28,28,1,1,1,NULL,1,1,'PRUEBA',1),
(29,29,1,1,1,NULL,1,1,'PRUEBA',1),
(30,30,1,1,1,NULL,1,1,'PRUEBA',1),
(31,31,1,1,1,NULL,1,1,'PRUEBA',1),
(32,32,1,1,1,NULL,1,1,'PRUEBA',1),
(33,33,1,1,1,NULL,1,1,'PRUEBA',1),
(34,34,1,1,1,NULL,1,1,'PRUEBA',1),
(35,35,1,1,1,NULL,1,1,'PRUEBA',1),
(36,36,1,1,1,NULL,1,1,'PRUEBA',1),
(37,37,1,1,1,NULL,1,1,'PRUEBA',1),
(38,38,1,1,1,NULL,1,1,'PRUEBA',1),
(39,39,1,1,1,NULL,1,1,'PRUEBA',1),
(40,40,1,1,1,NULL,1,1,'PRUEBA',1),
(41,41,1,1,1,NULL,1,1,'PRUEBA',1),
(42,42,1,1,1,NULL,1,1,'PRUEBA',1),
(43,43,1,1,1,NULL,1,1,'PRUEBA',1),
(44,44,1,1,1,NULL,1,1,'PRUEBA',1),
(45,45,1,1,1,NULL,1,1,'PRUEBA',1),
(46,46,1,1,1,NULL,1,1,'PRUEBA',1),
(47,47,1,1,1,NULL,1,1,'PRUEBA',1),
(48,48,1,1,1,NULL,1,1,'PRUEBA',1),
(49,49,1,1,1,NULL,1,1,'PRUEBA',1),
(50,50,1,1,1,NULL,1,1,'PRUEBA',1),
(51,51,1,1,1,NULL,1,1,'PRUEBA',1),
(52,52,1,1,1,NULL,1,1,'PRUEBA',1),
(53,53,1,1,1,NULL,1,1,'PRUEBA',1),
(54,54,1,1,1,NULL,1,1,'PRUEBA',1),
(55,55,1,1,1,NULL,1,1,'PRUEBA',1),
(56,56,1,1,1,NULL,1,1,'PRUEBA',1),
(57,57,1,1,1,NULL,1,1,'PRUEBA',1),
(58,58,1,1,1,NULL,1,1,'PRUEBA',1),
(59,59,1,1,1,NULL,1,1,'PRUEBA',1),
(60,60,1,1,1,NULL,1,1,'PRUEBA',1),
(61,61,1,1,1,NULL,1,1,'PRUEBA',1),
(62,62,1,1,1,NULL,1,1,'PRUEBA',1),
(63,63,1,1,1,NULL,1,1,'PRUEBA',1),
(64,64,1,1,1,NULL,1,1,'PRUEBA',1),
(65,65,1,1,1,NULL,1,1,'PRUEBA',1),
(66,66,1,1,1,NULL,1,1,'PRUEBA',1),
(67,67,1,1,1,NULL,1,1,'PRUEBA',1),
(68,68,1,1,1,NULL,1,1,'PRUEBA',1),
(69,69,1,1,1,NULL,1,1,'PRUEBA',1),
(70,70,1,1,1,NULL,1,1,'PRUEBA',1),
(71,71,1,1,1,NULL,1,1,'PRUEBA',1),
(72,72,1,1,1,NULL,1,1,'PRUEBA',1),
(73,73,1,1,1,NULL,1,1,'PRUEBA',1),
(74,74,1,1,1,NULL,1,1,'PRUEBA',1),
(75,75,1,1,1,NULL,1,1,'PRUEBA',1),
(76,76,1,1,1,NULL,1,1,'PRUEBA',1),
(77,77,1,1,1,NULL,1,1,'PRUEBA',1),
(78,78,1,1,1,NULL,1,1,'PRUEBA',1),
(79,79,1,1,1,NULL,1,1,'PRUEBA',1),
(80,80,1,1,1,NULL,1,1,'PRUEBA',1),
(81,81,1,1,1,NULL,1,1,'PRUEBA',1),
(82,82,1,1,1,NULL,1,1,'PRUEBA',1),
(83,83,1,1,1,NULL,1,1,'PRUEBA',1),
(84,84,1,1,1,NULL,1,1,'PRUEBA',1),
(85,85,1,1,1,NULL,1,1,'PRUEBA',1),
(86,86,1,1,1,NULL,1,1,'PRUEBA',1),
(87,87,1,1,1,NULL,1,1,'PRUEBA',1),
(88,88,1,1,1,NULL,1,1,'PRUEBA',1),
(89,89,1,1,1,NULL,1,1,'PRUEBA',1),
(90,90,1,1,1,NULL,1,1,'PRUEBA',1),
(91,91,1,1,1,NULL,1,1,'PRUEBA',1),
(92,92,1,1,1,NULL,1,1,'PRUEBA',1),
(93,93,1,1,1,NULL,1,1,'PRUEBA',1),
(94,94,1,1,1,NULL,1,1,'PRUEBA',1),
(95,95,1,1,1,NULL,1,1,'PRUEBA',1),
(96,96,1,1,1,NULL,1,1,'PRUEBA',1),
(97,97,1,1,1,NULL,1,1,'PRUEBA',1),
(98,98,1,1,1,NULL,1,1,'PRUEBA',1),
(99,99,1,1,1,NULL,1,1,'PRUEBA',1),
(100,100,1,1,1,NULL,1,1,'PRUEBA',1),
(101,101,1,1,1,NULL,1,1,'PRUEBA',1),
(102,102,1,1,1,NULL,1,1,'PRUEBA',1),
(103,103,1,1,1,NULL,1,1,'PRUEBA',1),
(104,104,1,1,1,NULL,1,1,'PRUEBA',1),
(105,105,1,1,1,NULL,1,1,'PRUEBA',1),
(106,106,1,1,1,NULL,1,1,'PRUEBA',1),
(107,107,1,1,1,NULL,1,1,'PRUEBA',1),
(108,108,1,1,1,NULL,1,1,'PRUEBA',1),
(109,109,1,1,1,NULL,1,1,'PRUEBA',1),
(110,110,1,1,1,NULL,1,1,'PRUEBA',1),
(111,111,1,1,1,NULL,1,1,'PRUEBA',1),
(112,112,1,1,1,NULL,1,1,'PRUEBA',1),
(113,113,1,1,1,NULL,1,1,'PRUEBA',1),
(114,114,1,1,1,NULL,1,1,'PRUEBA',1),
(115,115,1,1,1,NULL,1,1,'PRUEBA',1),
(116,116,1,1,1,NULL,1,1,'PRUEBA',1),
(117,117,1,1,1,NULL,1,1,'PRUEBA',1),
(118,118,1,1,1,NULL,1,1,'PRUEBA',1),
(119,119,1,1,1,NULL,1,1,'PRUEBA',1),
(120,120,1,1,1,NULL,1,1,'PRUEBA',1),
(121,121,1,1,1,NULL,1,1,'PRUEBA',1),
(122,122,1,1,1,NULL,1,1,'PRUEBA',1),
(123,123,1,1,1,NULL,1,1,'PRUEBA',1),
(124,124,1,1,1,NULL,1,1,'PRUEBA',1),
(125,125,1,1,1,NULL,1,1,'PRUEBA',1),
(126,126,1,1,1,NULL,1,1,'PRUEBA',1),
(127,127,1,1,1,NULL,1,1,'PRUEBA',1),
(128,128,1,1,1,NULL,1,1,'PRUEBA',1),
(129,129,1,1,1,NULL,1,1,'PRUEBA',1),
(130,130,1,1,1,NULL,1,1,'PRUEBA',1),
(131,131,1,1,1,NULL,1,1,'PRUEBA',1),
(132,132,1,1,1,NULL,1,1,'PRUEBA',1),
(133,133,1,1,1,NULL,1,1,'PRUEBA',1),
(134,134,1,1,1,NULL,1,1,'PRUEBA',1),
(135,135,1,1,1,NULL,1,1,'PRUEBA',1),
(136,136,1,1,1,NULL,1,1,'PRUEBA',1),
(137,137,1,1,1,NULL,1,1,'PRUEBA',1),
(138,138,1,1,1,NULL,1,1,'PRUEBA',1),
(139,139,1,1,1,NULL,1,1,'PRUEBA',1),
(140,140,1,1,1,NULL,1,1,'PRUEBA',1),
(141,141,1,1,1,NULL,1,1,'PRUEBA',1),
(142,142,1,1,1,NULL,1,1,'PRUEBA',1),
(143,143,1,1,1,NULL,1,1,'PRUEBA',1),
(144,144,1,1,1,NULL,1,1,'PRUEBA',1),
(145,145,1,1,1,NULL,1,1,'PRUEBA',1),
(146,146,1,1,1,NULL,1,1,'PRUEBA',1),
(147,147,1,1,1,NULL,1,1,'PRUEBA',1),
(148,148,1,1,1,NULL,1,1,'PRUEBA',1),
(149,149,1,1,1,NULL,1,1,'PRUEBA',1),
(150,150,1,1,1,NULL,1,1,'PRUEBA',1),
(151,151,1,1,1,NULL,1,1,'PRUEBA',1),
(152,152,1,1,1,NULL,1,1,'PRUEBA',1),
(153,153,1,1,1,NULL,1,1,'PRUEBA',1),
(154,154,1,1,1,NULL,1,1,'PRUEBA',1),
(155,155,1,1,1,NULL,1,1,'PRUEBA',1),
(156,156,1,1,1,NULL,1,1,'PRUEBA',1),
(157,157,1,1,1,NULL,1,1,'PRUEBA',1),
(158,158,1,1,1,NULL,1,1,'PRUEBA',1),
(159,159,1,1,1,NULL,1,1,'PRUEBA',1),
(160,160,1,1,1,NULL,1,1,'PRUEBA',1),
(161,161,1,1,1,NULL,1,1,'PRUEBA',1),
(162,162,1,1,1,NULL,1,1,'PRUEBA',1),
(163,163,1,1,1,NULL,1,1,'PRUEBA',1),
(164,164,1,1,1,NULL,1,1,'PRUEBA',1),
(165,165,1,1,1,NULL,1,1,'PRUEBA',1),
(166,166,1,1,1,NULL,1,1,'PRUEBA',1),
(167,167,1,1,1,NULL,1,1,'PRUEBA',1),
(168,168,1,1,1,NULL,1,1,'PRUEBA',1),
(169,169,1,1,1,NULL,1,1,'PRUEBA',1),
(170,170,1,1,1,NULL,1,1,'PRUEBA',1),
(171,171,1,1,1,NULL,1,1,'PRUEBA',1),
(172,172,1,1,1,NULL,1,1,'PRUEBA',1),
(173,173,1,1,1,NULL,1,1,'PRUEBA',1),
(174,174,1,1,1,NULL,1,1,'PRUEBA',1),
(175,175,1,1,1,NULL,1,1,'PRUEBA',1),
(176,176,1,1,1,NULL,1,1,'PRUEBA',1),
(177,177,1,1,1,NULL,1,1,'PRUEBA',1),
(178,178,1,1,1,NULL,1,1,'PRUEBA',1),
(179,179,1,1,1,NULL,1,1,'PRUEBA',1),
(180,180,1,1,1,NULL,1,1,'PRUEBA',1),
(181,181,1,1,1,NULL,1,1,'PRUEBA',1),
(182,182,1,1,1,NULL,1,1,'PRUEBA',1),
(183,183,1,1,1,NULL,1,1,'PRUEBA',1),
(184,184,1,1,1,NULL,1,1,'PRUEBA',1),
(185,185,1,1,1,NULL,1,1,'PRUEBA',1),
(186,186,1,1,1,NULL,1,1,'PRUEBA',1),
(187,187,1,1,1,NULL,1,1,'PRUEBA',1),
(188,188,1,1,1,NULL,1,1,'PRUEBA',1),
(189,189,1,1,1,NULL,1,1,'PRUEBA',1),
(190,190,1,1,1,NULL,1,1,'PRUEBA',1),
(191,191,1,1,1,NULL,1,1,'PRUEBA',1),
(192,192,1,1,1,NULL,1,1,'PRUEBA',1),
(193,193,1,1,1,NULL,1,1,'PRUEBA',1),
(194,194,1,1,1,NULL,1,1,'PRUEBA',1),
(195,195,1,1,1,NULL,1,1,'PRUEBA',1),
(196,196,1,1,1,NULL,1,1,'PRUEBA',1),
(197,197,1,1,1,NULL,1,1,'PRUEBA',1),
(198,198,1,1,1,NULL,1,1,'PRUEBA',1),
(199,199,1,1,1,NULL,1,1,'PRUEBA',1),
(200,200,1,1,1,NULL,1,1,'PRUEBA',1),
(201,201,1,1,1,NULL,1,1,'PRUEBA',1),
(202,202,1,1,1,NULL,1,1,'PRUEBA',1),
(203,203,1,1,1,NULL,1,1,'PRUEBA',1),
(204,204,1,1,1,NULL,1,1,'PRUEBA',1),
(205,205,1,1,1,NULL,1,1,'PRUEBA',1),
(206,206,1,1,1,NULL,1,1,'PRUEBA',1),
(207,207,1,1,1,NULL,1,1,'PRUEBA',1),
(208,208,1,1,1,NULL,1,1,'PRUEBA',1),
(209,209,1,1,1,NULL,1,1,'PRUEBA',1),
(210,210,1,1,1,NULL,1,1,'PRUEBA',1),
(211,211,1,1,1,NULL,1,1,'PRUEBA',1),
(212,212,1,1,1,NULL,1,1,'PRUEBA',1),
(213,213,1,1,1,NULL,1,1,'PRUEBA',1),
(214,214,1,1,1,NULL,1,1,'PRUEBA',1),
(215,215,1,1,1,NULL,1,1,'PRUEBA',1),
(216,216,1,1,1,NULL,1,1,'PRUEBA',1),
(217,217,1,1,1,NULL,1,1,'PRUEBA',1),
(218,218,1,1,1,NULL,1,1,'PRUEBA',1),
(219,219,1,1,1,NULL,1,1,'PRUEBA',1),
(220,220,1,1,1,NULL,1,1,'PRUEBA',1),
(221,221,1,1,1,NULL,1,1,'PRUEBA',1),
(222,222,1,1,1,NULL,1,1,'PRUEBA',1),
(223,223,1,1,1,NULL,1,1,'PRUEBA',1),
(224,224,1,1,1,NULL,1,1,'PRUEBA',1),
(225,225,1,1,1,NULL,1,1,'PRUEBA',1),
(226,226,1,1,1,NULL,1,1,'PRUEBA',1),
(227,227,1,1,1,NULL,1,1,'PRUEBA',1),
(228,228,1,1,1,NULL,1,1,'PRUEBA',1),
(229,229,1,1,1,NULL,1,1,'PRUEBA',1),
(230,230,1,1,1,NULL,1,1,'PRUEBA',1),
(231,231,1,1,1,NULL,1,1,'PRUEBA',1),
(232,232,1,1,1,NULL,1,1,'PRUEBA',1),
(233,233,1,1,1,NULL,1,1,'PRUEBA',1),
(234,234,1,1,1,NULL,1,1,'PRUEBA',1),
(235,235,1,1,1,NULL,1,1,'PRUEBA',1),
(236,236,1,1,1,NULL,1,1,'PRUEBA',1),
(237,237,1,1,1,NULL,1,1,'PRUEBA',1),
(238,238,1,1,1,NULL,1,1,'PRUEBA',1),
(239,239,1,1,1,NULL,1,1,'PRUEBA',1),
(240,240,1,1,1,NULL,1,1,'PRUEBA',1),
(241,241,1,1,1,NULL,1,1,'PRUEBA',1),
(242,242,1,1,1,NULL,1,1,'PRUEBA',1),
(243,243,1,1,1,NULL,1,1,'PRUEBA',1),
(244,244,1,1,1,NULL,1,1,'PRUEBA',1),
(245,245,1,1,1,NULL,1,1,'PRUEBA',1),
(246,246,1,1,1,NULL,1,1,'PRUEBA',1),
(247,247,1,1,1,NULL,1,1,'PRUEBA',1),
(248,248,1,1,1,NULL,1,1,'PRUEBA',1),
(249,249,1,1,1,NULL,1,1,'PRUEBA',1),
(250,250,1,1,1,NULL,1,1,'PRUEBA',1),
(251,251,1,1,1,NULL,1,1,'PRUEBA',1),
(252,252,1,1,1,NULL,1,1,'PRUEBA',1),
(253,253,1,1,1,NULL,1,1,'PRUEBA',1),
(254,254,1,1,1,NULL,1,1,'PRUEBA',1),
(255,255,1,1,1,NULL,1,1,'PRUEBA',1),
(256,256,1,1,1,NULL,1,1,'PRUEBA',1),
(257,257,1,1,1,NULL,1,1,'PRUEBA',1),
(258,258,1,1,1,NULL,1,1,'PRUEBA',1),
(259,259,1,1,1,NULL,1,1,'PRUEBA',1),
(260,260,1,1,1,NULL,1,1,'PRUEBA',1),
(261,261,1,1,1,NULL,1,1,'PRUEBA',1),
(262,262,1,1,1,NULL,1,1,'PRUEBA',1),
(263,263,1,1,1,NULL,1,1,'PRUEBA',1),
(264,264,1,1,1,NULL,1,1,'PRUEBA',1),
(265,265,1,1,1,NULL,1,1,'PRUEBA',1),
(266,266,1,1,1,NULL,1,1,'PRUEBA',1),
(267,267,1,1,1,NULL,1,1,'PRUEBA',1),
(268,268,1,1,1,NULL,1,1,'PRUEBA',1),
(269,269,1,1,1,NULL,1,1,'PRUEBA',1),
(270,270,1,1,1,NULL,1,1,'PRUEBA',1),
(271,271,1,1,1,NULL,1,1,'PRUEBA',1),
(272,272,1,1,1,NULL,1,1,'PRUEBA',1),
(273,273,1,1,1,NULL,1,1,'PRUEBA',1),
(274,274,1,1,1,NULL,1,1,'PRUEBA',1),
(275,275,1,1,1,NULL,1,1,'PRUEBA',1),
(276,276,1,1,1,NULL,1,1,'PRUEBA',1),
(277,277,1,1,1,NULL,1,1,'PRUEBA',1),
(278,278,1,1,1,NULL,1,1,'PRUEBA',1),
(279,279,1,1,1,NULL,1,1,'PRUEBA',1),
(280,280,1,1,1,NULL,1,1,'PRUEBA',1),
(281,281,1,1,1,NULL,1,1,'PRUEBA',1),
(282,282,1,1,1,NULL,1,1,'PRUEBA',1),
(283,283,1,1,1,NULL,1,1,'PRUEBA',1),
(284,284,1,1,1,NULL,1,1,'PRUEBA',1),
(285,285,1,1,1,NULL,1,1,'PRUEBA',1),
(286,286,1,1,1,NULL,1,1,'PRUEBA',1),
(287,287,1,1,1,NULL,1,1,'PRUEBA',1),
(288,288,1,1,1,NULL,1,1,'PRUEBA',1),
(289,289,1,1,1,NULL,1,1,'PRUEBA',1),
(290,290,1,1,1,NULL,1,1,'PRUEBA',1),
(291,291,1,1,1,NULL,1,1,'PRUEBA',1),
(292,292,1,1,1,NULL,1,1,'PRUEBA',1),
(293,293,1,1,1,NULL,1,1,'PRUEBA',1),
(294,294,1,1,1,NULL,1,1,'PRUEBA',1),
(295,295,1,1,1,NULL,1,1,'PRUEBA',1),
(296,296,1,1,1,NULL,1,1,'PRUEBA',1),
(297,297,1,1,1,NULL,1,1,'PRUEBA',1),
(298,298,1,1,1,NULL,1,1,'PRUEBA',1),
(299,299,1,1,1,NULL,1,1,'PRUEBA',1),
(300,300,1,1,1,NULL,1,1,'PRUEBA',1),
(301,301,1,1,1,NULL,1,1,'PRUEBA',1),
(302,302,1,1,1,NULL,1,1,'PRUEBA',1),
(303,303,1,1,1,NULL,1,1,'PRUEBA',1),
(304,304,1,1,1,NULL,1,1,'PRUEBA',1),
(305,305,1,1,1,NULL,1,1,'PRUEBA',1),
(306,306,1,1,1,NULL,1,1,'PRUEBA',1),
(307,307,1,1,1,NULL,1,1,'PRUEBA',1),
(308,308,1,1,1,NULL,1,1,'PRUEBA',1),
(309,309,1,1,1,NULL,1,1,'PRUEBA',1),
(310,310,1,1,1,NULL,1,1,'PRUEBA',1),
(311,311,1,1,1,NULL,1,1,'PRUEBA',1),
(312,312,1,1,1,NULL,1,1,'PRUEBA',1),
(313,313,1,1,1,NULL,1,1,'PRUEBA',1),
(314,314,1,1,1,NULL,1,1,'PRUEBA',1),
(315,315,1,1,1,NULL,1,1,'PRUEBA',1),
(316,316,1,1,1,NULL,1,1,'PRUEBA',1),
(317,317,1,1,1,NULL,1,1,'PRUEBA',1),
(318,318,1,1,1,NULL,1,1,'PRUEBA',1),
(319,319,1,1,1,NULL,1,1,'PRUEBA',1),
(320,320,1,1,1,NULL,1,1,'PRUEBA',1),
(321,321,1,1,1,NULL,1,1,'PRUEBA',1),
(322,322,1,1,1,NULL,1,1,'PRUEBA',1),
(323,323,1,1,1,NULL,1,1,'PRUEBA',1),
(324,324,1,1,1,NULL,1,1,'PRUEBA',1),
(325,325,1,1,1,NULL,1,1,'PRUEBA',1),
(326,326,1,1,1,NULL,1,1,'PRUEBA',1),
(327,327,1,1,1,NULL,1,1,'PRUEBA',1),
(328,328,1,1,1,NULL,1,1,'PRUEBA',1),
(329,329,1,1,1,NULL,1,1,'PRUEBA',1),
(330,330,1,1,1,NULL,1,1,'PRUEBA',1),
(331,331,1,1,1,NULL,1,1,'PRUEBA',1),
(332,332,1,1,1,NULL,1,1,'PRUEBA',1),
(333,333,1,1,1,NULL,1,1,'PRUEBA',1),
(334,334,1,1,1,NULL,1,1,'PRUEBA',1),
(335,335,1,1,1,NULL,1,1,'PRUEBA',1),
(336,336,1,1,1,NULL,1,1,'PRUEBA',1),
(337,337,1,1,1,NULL,1,1,'PRUEBA',1),
(338,338,1,1,1,NULL,1,1,'PRUEBA',1),
(339,339,1,1,1,NULL,1,1,'PRUEBA',1),
(340,340,1,1,1,NULL,1,1,'PRUEBA',1),
(341,341,1,1,1,NULL,1,1,'PRUEBA',1),
(342,342,1,1,1,NULL,1,1,'PRUEBA',1),
(343,343,1,1,1,NULL,1,1,'PRUEBA',1),
(344,344,1,1,1,NULL,1,1,'PRUEBA',1),
(345,345,1,1,1,NULL,1,1,'PRUEBA',1),
(346,346,1,1,1,NULL,1,1,'PRUEBA',1),
(347,347,1,1,1,NULL,1,1,'PRUEBA',1),
(348,348,1,1,1,NULL,1,1,'PRUEBA',1),
(349,349,1,1,1,NULL,1,1,'PRUEBA',1),
(350,350,1,1,1,NULL,1,1,'PRUEBA',1),
(351,351,1,1,1,NULL,1,1,'PRUEBA',1),
(352,352,1,1,1,NULL,1,1,'PRUEBA',1),
(353,353,1,1,1,NULL,1,1,'PRUEBA',1),
(354,354,1,1,1,NULL,1,1,'PRUEBA',1),
(355,355,1,1,1,NULL,1,1,'PRUEBA',1),
(356,356,1,1,1,NULL,1,1,'PRUEBA',1),
(357,357,1,1,1,NULL,1,1,'PRUEBA',1),
(358,358,1,1,1,NULL,1,1,'PRUEBA',1),
(359,359,1,1,1,NULL,1,1,'PRUEBA',1),
(360,360,1,1,1,NULL,1,1,'PRUEBA',1),
(361,361,1,1,1,NULL,1,1,'PRUEBA',1),
(362,362,1,1,1,NULL,1,1,'PRUEBA',1),
(363,363,1,1,1,NULL,1,1,'PRUEBA',1),
(364,364,1,1,1,NULL,1,1,'PRUEBA',1),
(365,365,1,1,1,NULL,1,1,'PRUEBA',1),
(366,366,1,1,1,NULL,1,1,'PRUEBA',1),
(367,367,1,1,1,NULL,1,1,'PRUEBA',1),
(368,368,1,1,1,NULL,1,1,'PRUEBA',1),
(369,369,1,1,1,NULL,1,1,'PRUEBA',1),
(370,370,1,1,1,NULL,1,1,'PRUEBA',1),
(371,371,1,1,1,NULL,1,1,'PRUEBA',1),
(372,372,1,1,1,NULL,1,1,'PRUEBA',1),
(373,373,1,1,1,NULL,1,1,'PRUEBA',1),
(374,374,1,1,1,NULL,1,1,'PRUEBA',1),
(375,375,1,1,1,NULL,1,1,'PRUEBA',1),
(376,376,1,1,1,NULL,1,1,'PRUEBA',1),
(377,377,1,1,1,NULL,1,1,'PRUEBA',1),
(378,378,1,1,1,NULL,1,1,'PRUEBA',1),
(379,379,1,1,1,NULL,1,1,'PRUEBA',1),
(380,380,1,1,1,NULL,1,1,'PRUEBA',1),
(381,381,1,1,1,NULL,1,1,'PRUEBA',1),
(382,382,1,1,1,NULL,1,1,'PRUEBA',1),
(383,383,1,1,1,NULL,1,1,'PRUEBA',1),
(384,384,1,1,1,NULL,1,1,'PRUEBA',1),
(385,385,1,1,1,NULL,1,1,'PRUEBA',1),
(386,386,1,1,1,NULL,1,1,'PRUEBA',1),
(387,387,1,1,1,NULL,1,1,'PRUEBA',1),
(388,388,1,1,1,NULL,1,1,'PRUEBA',1),
(389,389,1,1,1,NULL,1,1,'PRUEBA',1),
(390,390,1,1,1,NULL,1,1,'PRUEBA',1),
(391,391,1,1,1,NULL,1,1,'PRUEBA',1),
(392,392,1,1,1,NULL,1,1,'PRUEBA',1),
(393,393,1,1,1,NULL,1,1,'PRUEBA',1),
(394,394,1,1,1,NULL,1,1,'PRUEBA',1),
(395,395,1,1,1,NULL,1,1,'PRUEBA',1),
(396,396,1,1,1,NULL,1,1,'PRUEBA',1),
(397,397,1,1,1,NULL,1,1,'PRUEBA',1),
(398,398,1,1,1,NULL,1,1,'PRUEBA',1),
(399,399,1,1,1,NULL,1,1,'PRUEBA',1),
(400,400,1,1,1,NULL,1,1,'PRUEBA',1),
(401,401,1,1,1,NULL,1,1,'PRUEBA',1),
(402,402,1,1,1,NULL,1,1,'PRUEBA',1),
(403,403,1,1,1,NULL,1,1,'PRUEBA',1),
(404,404,1,1,1,NULL,1,1,'PRUEBA',1),
(405,405,1,1,1,NULL,1,1,'PRUEBA',1),
(406,406,1,1,1,NULL,1,1,'PRUEBA',1),
(407,407,1,1,1,NULL,1,1,'PRUEBA',1),
(408,408,1,1,1,NULL,1,1,'PRUEBA',1),
(409,409,1,1,1,NULL,1,1,'PRUEBA',1),
(410,410,1,1,1,NULL,1,1,'PRUEBA',1),
(411,411,1,1,1,NULL,1,1,'PRUEBA',1),
(412,412,1,1,1,NULL,1,1,'PRUEBA',1),
(413,413,1,1,1,NULL,1,1,'PRUEBA',1),
(414,414,1,1,1,NULL,1,1,'PRUEBA',1),
(415,415,1,1,1,NULL,1,1,'PRUEBA',1),
(416,416,1,1,1,NULL,1,1,'PRUEBA',1),
(417,417,1,1,1,NULL,1,1,'PRUEBA',1),
(418,418,1,1,1,NULL,1,1,'PRUEBA',1),
(419,419,1,1,1,NULL,1,1,'PRUEBA',1),
(420,420,1,1,1,NULL,1,1,'PRUEBA',1),
(421,421,1,1,1,NULL,1,1,'PRUEBA',1),
(422,422,1,1,1,NULL,1,1,'PRUEBA',1),
(423,423,1,1,1,NULL,1,1,'PRUEBA',1),
(424,424,1,1,1,NULL,1,1,'PRUEBA',1),
(425,425,1,1,1,NULL,1,1,'PRUEBA',1),
(426,426,1,1,1,NULL,1,1,'PRUEBA',1),
(427,427,1,1,1,NULL,1,1,'PRUEBA',1),
(428,428,1,1,1,NULL,1,1,'PRUEBA',1),
(429,429,1,1,1,NULL,1,1,'PRUEBA',1),
(430,430,1,1,1,NULL,1,1,'PRUEBA',1),
(431,431,1,1,1,NULL,1,1,'PRUEBA',1),
(432,432,1,1,1,NULL,1,1,'PRUEBA',1),
(433,433,1,1,1,NULL,1,1,'PRUEBA',1),
(434,434,1,1,1,NULL,1,1,'PRUEBA',1),
(435,435,1,1,1,NULL,1,1,'PRUEBA',1),
(436,436,1,1,1,NULL,1,1,'PRUEBA',1),
(437,437,1,1,1,NULL,1,1,'PRUEBA',1),
(438,438,1,1,1,NULL,1,1,'PRUEBA',1),
(439,439,1,1,1,NULL,1,1,'PRUEBA',1),
(440,440,1,1,1,NULL,1,1,'PRUEBA',1),
(441,441,1,1,1,NULL,1,1,'PRUEBA',1),
(442,442,1,1,1,NULL,1,1,'PRUEBA',1),
(443,443,1,1,1,NULL,1,1,'PRUEBA',1),
(444,444,1,1,1,NULL,1,1,'PRUEBA',1),
(445,445,1,1,1,NULL,1,1,'PRUEBA',1),
(446,446,1,1,1,NULL,1,1,'PRUEBA',1),
(447,447,1,1,1,NULL,1,1,'PRUEBA',1),
(448,448,1,1,1,NULL,1,1,'PRUEBA',1),
(449,449,1,1,1,NULL,1,1,'PRUEBA',1),
(450,450,1,1,1,NULL,1,1,'PRUEBA',1),
(451,451,1,1,1,NULL,1,1,'PRUEBA',1),
(452,452,1,1,1,NULL,1,1,'PRUEBA',1),
(453,453,1,1,1,NULL,1,1,'PRUEBA',1),
(454,454,1,1,1,NULL,1,1,'PRUEBA',1),
(455,455,1,1,1,NULL,1,1,'PRUEBA',1),
(456,456,1,1,1,NULL,1,1,'PRUEBA',1),
(457,457,1,1,1,NULL,1,1,'PRUEBA',1),
(458,458,1,1,1,NULL,1,1,'PRUEBA',1),
(459,459,1,1,1,NULL,1,1,'PRUEBA',1),
(460,460,1,1,1,NULL,1,1,'PRUEBA',1),
(461,461,1,1,1,NULL,1,1,'PRUEBA',1),
(462,462,1,1,1,NULL,1,1,'PRUEBA',1),
(463,463,1,1,1,NULL,1,1,'PRUEBA',1),
(464,464,1,1,1,NULL,1,1,'PRUEBA',1),
(465,465,1,1,1,NULL,1,1,'PRUEBA',1),
(466,466,1,1,1,NULL,1,1,'PRUEBA',1),
(467,467,1,1,1,NULL,1,1,'PRUEBA',1),
(468,468,1,1,1,NULL,1,1,'PRUEBA',1),
(469,469,1,1,1,NULL,1,1,'PRUEBA',1),
(470,470,1,1,1,NULL,1,1,'PRUEBA',1),
(471,471,1,1,1,NULL,1,1,'PRUEBA',1),
(472,472,1,1,1,NULL,1,1,'PRUEBA',1),
(473,473,1,1,1,NULL,1,1,'PRUEBA',1),
(474,474,1,1,1,NULL,1,1,'PRUEBA',1),
(475,475,1,1,1,NULL,1,1,'PRUEBA',1),
(476,476,1,1,1,NULL,1,1,'PRUEBA',1),
(477,477,1,1,1,NULL,1,1,'PRUEBA',1),
(478,478,1,1,1,NULL,1,1,'PRUEBA',1),
(479,479,1,1,1,NULL,1,1,'PRUEBA',1),
(480,480,1,1,1,NULL,1,1,'PRUEBA',1),
(481,481,1,1,1,NULL,1,1,'PRUEBA',1),
(482,482,1,1,1,NULL,1,1,'PRUEBA',1),
(483,483,1,1,1,NULL,1,1,'PRUEBA',1),
(484,484,1,1,1,NULL,1,1,'PRUEBA',1),
(485,485,1,1,1,NULL,1,1,'PRUEBA',1),
(486,486,1,1,1,NULL,1,1,'PRUEBA',1),
(487,487,1,1,1,NULL,1,1,'PRUEBA',1),
(488,488,1,1,1,NULL,1,1,'PRUEBA',1),
(489,489,1,1,1,NULL,1,1,'PRUEBA',1),
(490,490,1,1,1,NULL,1,1,'PRUEBA',1),
(491,491,1,1,1,NULL,1,1,'PRUEBA',1),
(492,492,1,1,1,NULL,1,1,'PRUEBA',1),
(493,493,1,1,1,NULL,1,1,'PRUEBA',1),
(494,494,1,1,1,NULL,1,1,'PRUEBA',1),
(495,495,1,1,1,NULL,1,1,'PRUEBA',1),
(496,496,1,1,1,NULL,1,1,'PRUEBA',1),
(497,497,1,1,1,NULL,1,1,'PRUEBA',1),
(498,498,1,1,1,NULL,1,1,'PRUEBA',1),
(499,499,1,1,1,NULL,1,1,'PRUEBA',1),
(500,500,1,1,1,NULL,1,1,'PRUEBA',1),
(501,501,1,1,1,NULL,1,1,'PRUEBA',1),
(502,502,1,1,1,NULL,1,1,'PRUEBA',1),
(503,503,1,1,1,NULL,1,1,'PRUEBA',1),
(504,504,1,1,1,NULL,1,1,'PRUEBA',1),
(505,505,1,1,1,NULL,1,1,'PRUEBA',1),
(506,506,1,1,1,NULL,1,1,'PRUEBA',1),
(507,507,1,1,1,NULL,1,1,'PRUEBA',1),
(508,508,1,1,1,NULL,1,1,'PRUEBA',1),
(509,509,1,1,1,NULL,1,1,'PRUEBA',1),
(510,510,1,1,1,NULL,1,1,'PRUEBA',1),
(511,511,1,1,1,NULL,1,1,'PRUEBA',1),
(512,512,1,1,1,NULL,1,1,'PRUEBA',1),
(513,513,1,1,1,NULL,1,1,'PRUEBA SYSSS',1),
(515,5,1,1,1,5200000.00,1,1,'PRUEBAAA',1);

/*Table structure for table `cobradores` */

DROP TABLE IF EXISTS `cobradores`;

CREATE TABLE `cobradores` (
  `cod_cobrador` int(10) NOT NULL AUTO_INCREMENT,
  `cod_persona` int(10) NOT NULL,
  `cod_zona` int(10) DEFAULT NULL,
  `porc_comision` decimal(10,2) DEFAULT NULL,
  `estado` varchar(1) DEFAULT NULL,
  PRIMARY KEY (`cod_cobrador`),
  KEY `fk_cobrador_cod_person` (`cod_persona`),
  CONSTRAINT `fk_cobrador_cod_person` FOREIGN KEY (`cod_persona`) REFERENCES `personas` (`cod_persona`)
) ENGINE=InnoDB AUTO_INCREMENT=2 DEFAULT CHARSET=utf8;

/*Data for the table `cobradores` */

insert  into `cobradores`(`cod_cobrador`,`cod_persona`,`cod_zona`,`porc_comision`,`estado`) values 
(1,511,NULL,NULL,NULL);

/*Table structure for table `comprob_det_prb` */

DROP TABLE IF EXISTS `comprob_det_prb`;

CREATE TABLE `comprob_det_prb` (
  `identificador` int(10) NOT NULL AUTO_INCREMENT,
  `cod_articulo` varchar(30) DEFAULT NULL,
  `cantidad` int(10) DEFAULT NULL,
  `precio` int(10) DEFAULT NULL,
  PRIMARY KEY (`identificador`),
  KEY `fk_comp_detall_cod_art` (`cod_articulo`)
) ENGINE=InnoDB AUTO_INCREMENT=33 DEFAULT CHARSET=utf8;

/*Data for the table `comprob_det_prb` */

insert  into `comprob_det_prb`(`identificador`,`cod_articulo`,`cantidad`,`precio`) values 
(29,'1',1,5000),
(30,'1',2,50000),
(31,'1',3,10000),
(32,'1',4,44444);

/*Table structure for table `comprobantes_cabecera` */

DROP TABLE IF EXISTS `comprobantes_cabecera`;

CREATE TABLE `comprobantes_cabecera` (
  `cod_compob` int(10) NOT NULL AUTO_INCREMENT,
  `cod_comp_serie` int(10) NOT NULL,
  `numero_comp` int(10) NOT NULL,
  `cod_sucursal` int(5) NOT NULL,
  `cod_deposito` int(5) NOT NULL,
  `fecha_comprob` date NOT NULL,
  `cod_cliente` int(10) NOT NULL,
  `cod_cobrador` int(10) DEFAULT NULL,
  `cod_vendedor` int(10) DEFAULT NULL,
  `numero_comp_ref` int(10) DEFAULT NULL,
  `cod_comp_serie_ref` int(5) DEFAULT NULL,
  `cod_cond_venta` int(10) NOT NULL,
  `descuento` decimal(10,2) DEFAULT NULL,
  `cod_moneda` int(5) DEFAULT NULL,
  `tip_cambio` decimal(10,2) DEFAULT NULL,
  `total_comprob` decimal(10,2) DEFAULT NULL,
  `total_gravada` decimal(10,2) DEFAULT NULL,
  `total_exenta` decimal(10,2) DEFAULT NULL,
  `total_iva` decimal(10,2) DEFAULT NULL,
  `estado` int(5) DEFAULT NULL,
  `cod_usuario` varchar(20) DEFAULT NULL,
  `comentario` varchar(500) DEFAULT NULL,
  `monto_cuota` decimal(10,2) DEFAULT NULL,
  `cobrado` tinyint(1) DEFAULT NULL,
  PRIMARY KEY (`cod_compob`),
  KEY `fk_comp_cab_cod_sucur` (`cod_sucursal`),
  KEY `fk_comp_cab_cod_clien` (`cod_cliente`),
  KEY `fk_comp_cab_cod_cobra` (`cod_cobrador`),
  KEY `fk_comp_cab_cod_vend` (`cod_vendedor`),
  KEY `fk_comp_cab_cod_cond_vent` (`cod_cond_venta`),
  KEY `fk_comp_cab_cod_estado` (`estado`),
  KEY `fk_comp_cab_cod_mone` (`cod_moneda`),
  KEY `fk_comp_cab_cod_ser_comp` (`cod_comp_serie`),
  KEY `fk_comp_cab_cod_ser_comp_ref` (`cod_comp_serie_ref`),
  KEY `fk_comp_cab_cod_dep` (`cod_deposito`),
  CONSTRAINT `fk_comp_cab_cod_clien` FOREIGN KEY (`cod_cliente`) REFERENCES `clientes` (`cod_cliente`),
  CONSTRAINT `fk_comp_cab_cod_cobra` FOREIGN KEY (`cod_cobrador`) REFERENCES `cobradores` (`cod_cobrador`),
  CONSTRAINT `fk_comp_cab_cod_cond_vent` FOREIGN KEY (`cod_cond_venta`) REFERENCES `condiciones_ventas` (`cod_condicion`),
  CONSTRAINT `fk_comp_cab_cod_dep` FOREIGN KEY (`cod_deposito`) REFERENCES `articulos_deposito` (`cod_deposito`),
  CONSTRAINT `fk_comp_cab_cod_estado` FOREIGN KEY (`estado`) REFERENCES `estados` (`cod_estado`),
  CONSTRAINT `fk_comp_cab_cod_mone` FOREIGN KEY (`cod_moneda`) REFERENCES `monedas` (`cod_moneda`),
  CONSTRAINT `fk_comp_cab_cod_ser_comp` FOREIGN KEY (`cod_comp_serie`) REFERENCES `comprobantes_series` (`cod_comp_serie`),
  CONSTRAINT `fk_comp_cab_cod_ser_comp_ref` FOREIGN KEY (`cod_comp_serie_ref`) REFERENCES `comprobantes_series` (`cod_comp_serie`),
  CONSTRAINT `fk_comp_cab_cod_sucur` FOREIGN KEY (`cod_sucursal`) REFERENCES `sucursales` (`cod_sucursal`),
  CONSTRAINT `fk_comp_cab_cod_vend` FOREIGN KEY (`cod_vendedor`) REFERENCES `vendedores` (`cod_vendedor`)
) ENGINE=InnoDB DEFAULT CHARSET=utf8;

/*Data for the table `comprobantes_cabecera` */

/*Table structure for table `comprobantes_cabecera_saldos_cliente` */

DROP TABLE IF EXISTS `comprobantes_cabecera_saldos_cliente`;

CREATE TABLE `comprobantes_cabecera_saldos_cliente` (
  `ComprobantesCabecera_cod_compob` int(11) NOT NULL,
  `saldosClienteList_cod_saldo` int(11) NOT NULL,
  PRIMARY KEY (`ComprobantesCabecera_cod_compob`,`saldosClienteList_cod_saldo`),
  KEY `cmprbntscabecerasaldosclientesldsClnteListcodsaldo` (`saldosClienteList_cod_saldo`),
  CONSTRAINT `cmprbntscabecerasaldosclientesldsClnteListcodsaldo` FOREIGN KEY (`saldosClienteList_cod_saldo`) REFERENCES `saldos_cliente` (`cod_saldo`),
  CONSTRAINT `cmprbntscbcerasaldosclienteCmprbntsCbceracodcompob` FOREIGN KEY (`ComprobantesCabecera_cod_compob`) REFERENCES `comprobantes_cabecera` (`cod_compob`)
) ENGINE=InnoDB DEFAULT CHARSET=utf8;

/*Data for the table `comprobantes_cabecera_saldos_cliente` */

/*Table structure for table `comprobantes_detalle` */

DROP TABLE IF EXISTS `comprobantes_detalle`;

CREATE TABLE `comprobantes_detalle` (
  `identificador` int(10) NOT NULL AUTO_INCREMENT,
  `cod_comprob` int(10) NOT NULL,
  `cod_articulo` int(10) NOT NULL,
  `descripcion` varchar(100) DEFAULT NULL,
  `cantidad` decimal(10,2) DEFAULT NULL,
  `precio_unitario` decimal(10,2) DEFAULT NULL,
  `descuento` decimal(10,2) DEFAULT NULL,
  `gravada_10` decimal(10,2) DEFAULT NULL,
  `gravada_5` decimal(10,2) DEFAULT NULL,
  `importe_total` decimal(10,2) DEFAULT NULL,
  `total_iva10` decimal(10,2) DEFAULT NULL,
  `total_iva5` decimal(10,2) DEFAULT NULL,
  `porc_iva` decimal(10,2) DEFAULT NULL,
  `cod_iva` int(5) DEFAULT NULL,
  `porc_descuento` decimal(10,2) DEFAULT NULL,
  `numero_cuota` int(5) DEFAULT NULL,
  `porc_comision` decimal(10,2) DEFAULT NULL,
  `monto_comision` decimal(10,2) DEFAULT NULL,
  PRIMARY KEY (`identificador`),
  KEY `fk_comp_detall_cod_comp_cab` (`cod_comprob`),
  KEY `fk_comp_detall_cod_art` (`cod_articulo`),
  KEY `fk_comp_detall_cod_iva` (`cod_iva`),
  CONSTRAINT `fk_comp_detall_cod_art` FOREIGN KEY (`cod_articulo`) REFERENCES `articulos` (`cod_articulo`),
  CONSTRAINT `fk_comp_detall_cod_comp_cab` FOREIGN KEY (`cod_comprob`) REFERENCES `comprobantes_cabecera` (`cod_compob`),
  CONSTRAINT `fk_comp_detall_cod_iva` FOREIGN KEY (`cod_iva`) REFERENCES `iva` (`cod_iva`)
) ENGINE=InnoDB DEFAULT CHARSET=utf8;

/*Data for the table `comprobantes_detalle` */

/*Table structure for table `comprobantes_series` */

DROP TABLE IF EXISTS `comprobantes_series`;

CREATE TABLE `comprobantes_series` (
  `cod_comp_serie` int(11) NOT NULL AUTO_INCREMENT,
  `serie_comprob` varchar(5) DEFAULT NULL,
  `numero_inicial` int(5) DEFAULT NULL,
  `numero_final` int(10) DEFAULT NULL,
  `serie_timbrado` varchar(20) DEFAULT NULL,
  `numero_timbrado` varchar(50) DEFAULT NULL,
  `fecha_desde` date DEFAULT NULL,
  `fecha_hasta` date DEFAULT NULL,
  `cod_sucursal` int(5) DEFAULT NULL,
  `cod_tipo_comp` int(10) DEFAULT NULL,
  PRIMARY KEY (`cod_comp_serie`),
  KEY `fk_comp_ser_cod_suc` (`cod_sucursal`),
  KEY `fk_comp_ser_cod_tip_comp` (`cod_tipo_comp`),
  CONSTRAINT `fk_comp_ser_cod_suc` FOREIGN KEY (`cod_sucursal`) REFERENCES `sucursales` (`cod_sucursal`),
  CONSTRAINT `fk_comp_ser_cod_tip_comp` FOREIGN KEY (`cod_tipo_comp`) REFERENCES `tipo_comprobantes` (`cod_tipo_comp`)
) ENGINE=InnoDB DEFAULT CHARSET=utf8;

/*Data for the table `comprobantes_series` */

/*Table structure for table `comprobantes_usuario` */

DROP TABLE IF EXISTS `comprobantes_usuario`;

CREATE TABLE `comprobantes_usuario` (
  `identificador` int(10) NOT NULL AUTO_INCREMENT,
  `cod_comp_serie` int(10) DEFAULT NULL,
  `cod_usuario` varchar(20) DEFAULT NULL,
  `estado` int(5) DEFAULT NULL,
  PRIMARY KEY (`identificador`),
  KEY `fk_comp_usu_cod_ser_comp` (`cod_comp_serie`),
  KEY `fk_comp_usu_estado` (`estado`),
  CONSTRAINT `fk_comp_usu_cod_ser_comp` FOREIGN KEY (`cod_comp_serie`) REFERENCES `comprobantes_series` (`cod_comp_serie`),
  CONSTRAINT `fk_comp_usu_estado` FOREIGN KEY (`estado`) REFERENCES `estados` (`cod_estado`)
) ENGINE=InnoDB AUTO_INCREMENT=2 DEFAULT CHARSET=utf8;

/*Data for the table `comprobantes_usuario` */

/*Table structure for table `condiciones_ventas` */

DROP TABLE IF EXISTS `condiciones_ventas`;

CREATE TABLE `condiciones_ventas` (
  `cod_condicion` int(10) NOT NULL AUTO_INCREMENT,
  `desc_condicion` varchar(100) NOT NULL,
  `numero_cuota` int(10) NOT NULL,
  `dia_inicial` int(5) DEFAULT NULL,
  `plazo` int(5) DEFAULT NULL,
  `estado` varchar(1) DEFAULT NULL,
  PRIMARY KEY (`cod_condicion`)
) ENGINE=InnoDB AUTO_INCREMENT=4 DEFAULT CHARSET=utf8;

/*Data for the table `condiciones_ventas` */

insert  into `condiciones_ventas`(`cod_condicion`,`desc_condicion`,`numero_cuota`,`dia_inicial`,`plazo`,`estado`) values 
(1,'CONTADO',0,NULL,NULL,'A'),
(2,'CREDITO(30 DIAS)',1,NULL,NULL,'A'),
(3,'CREDITOS(60 DIAS)',2,NULL,NULL,'A');

/*Table structure for table `departamentos` */

DROP TABLE IF EXISTS `departamentos`;

CREATE TABLE `departamentos` (
  `cod_departamento` int(10) NOT NULL AUTO_INCREMENT,
  `cod_pais` int(10) NOT NULL,
  `desc_departamento` varchar(100) NOT NULL,
  PRIMARY KEY (`cod_departamento`),
  KEY `fk_paises_cod_pais` (`cod_pais`),
  CONSTRAINT `fk_paises_cod_pais` FOREIGN KEY (`cod_pais`) REFERENCES `paises` (`cod_pais`)
) ENGINE=InnoDB AUTO_INCREMENT=18 DEFAULT CHARSET=utf8;

/*Data for the table `departamentos` */

insert  into `departamentos`(`cod_departamento`,`cod_pais`,`desc_departamento`) values 
(1,1,'CONCEPCION'),
(2,1,'SAN PEDRO'),
(3,1,'COORDILLERA'),
(4,1,'GUAIRA'),
(5,1,'CAAGUAZU'),
(6,1,'CAAZAPA'),
(7,1,'ITAPUA'),
(8,1,'MISSIONES'),
(9,1,'PARAGUARI'),
(10,1,'ALTO PARANA'),
(11,1,'CENTRAL'),
(12,1,'EEMBUCU'),
(13,1,'AMAMBAY'),
(14,1,'CANINDEYU'),
(15,1,'PRESIDENTE HAYES'),
(16,1,'ALTO PARAGUAY'),
(17,1,'BOQUERON');

/*Table structure for table `estado_civil` */

DROP TABLE IF EXISTS `estado_civil`;

CREATE TABLE `estado_civil` (
  `cod_estado_civil` varchar(10) NOT NULL,
  `desc_estado_civil` varchar(100) NOT NULL,
  PRIMARY KEY (`cod_estado_civil`)
) ENGINE=InnoDB DEFAULT CHARSET=utf8;

/*Data for the table `estado_civil` */

insert  into `estado_civil`(`cod_estado_civil`,`desc_estado_civil`) values 
('CAS','CASADO/A'),
('DIV','DIVORCIADO/A'),
('SOLT','SOLTERO/A'),
('VIU','VIUDO/A');

/*Table structure for table `estados` */

DROP TABLE IF EXISTS `estados`;

CREATE TABLE `estados` (
  `cod_estado` int(10) NOT NULL AUTO_INCREMENT,
  `desc_estado` varchar(50) NOT NULL,
  `abreviacion` varchar(20) DEFAULT NULL,
  `tabla_ref` varchar(50) DEFAULT NULL,
  PRIMARY KEY (`cod_estado`)
) ENGINE=InnoDB AUTO_INCREMENT=7 DEFAULT CHARSET=utf8;

/*Data for the table `estados` */

insert  into `estados`(`cod_estado`,`desc_estado`,`abreviacion`,`tabla_ref`) values 
(1,'ACTIVO','ACTIVO','clientes.estado'),
(2,'INACTIVO','INACTIVO','clientes.estado'),
(3,'PENDIENTE','PEND','comprobante_venta_cab.estado'),
(4,'ACTIVO','ACTIVO','articulos.estado'),
(5,'INACTIVO','INACTIVO','articulos.estado'),
(6,'CADUCADO','CADUCADO','articulos.estado');

/*Table structure for table `iva` */

DROP TABLE IF EXISTS `iva`;

CREATE TABLE `iva` (
  `cod_iva` int(5) NOT NULL AUTO_INCREMENT,
  `descripcion` varchar(50) NOT NULL,
  PRIMARY KEY (`cod_iva`)
) ENGINE=InnoDB AUTO_INCREMENT=4 DEFAULT CHARSET=utf8;

/*Data for the table `iva` */

insert  into `iva`(`cod_iva`,`descripcion`) values 
(1,'EXENTO'),
(2,'I.V.A 10%'),
(3,'I.V.A 5%');

/*Table structure for table `marcas` */

DROP TABLE IF EXISTS `marcas`;

CREATE TABLE `marcas` (
  `cod_marca` int(10) NOT NULL AUTO_INCREMENT,
  `descripcion` varchar(100) NOT NULL,
  PRIMARY KEY (`cod_marca`)
) ENGINE=InnoDB AUTO_INCREMENT=2 DEFAULT CHARSET=utf8;

/*Data for the table `marcas` */

insert  into `marcas`(`cod_marca`,`descripcion`) values 
(1,'GENERAL');

/*Table structure for table `monedas` */

DROP TABLE IF EXISTS `monedas`;

CREATE TABLE `monedas` (
  `cod_moneda` int(5) NOT NULL AUTO_INCREMENT,
  `desc_moneda` varchar(100) DEFAULT NULL,
  `siglas` varchar(10) DEFAULT NULL,
  `cod_pais` int(10) DEFAULT NULL,
  `decimales` decimal(10,2) DEFAULT NULL,
  `tipo_cambio` decimal(10,2) DEFAULT NULL,
  `tip_camb_comp` decimal(10,2) DEFAULT NULL,
  `estado` varchar(5) DEFAULT NULL,
  `redondeo` int(5) DEFAULT NULL,
  PRIMARY KEY (`cod_moneda`),
  KEY `fk_moneda_cod_pais` (`cod_pais`),
  CONSTRAINT `fk_moneda_cod_pais` FOREIGN KEY (`cod_pais`) REFERENCES `paises` (`cod_pais`)
) ENGINE=InnoDB AUTO_INCREMENT=2 DEFAULT CHARSET=utf8;

/*Data for the table `monedas` */

insert  into `monedas`(`cod_moneda`,`desc_moneda`,`siglas`,`cod_pais`,`decimales`,`tipo_cambio`,`tip_camb_comp`,`estado`,`redondeo`) values 
(1,'GUARANIES','GS',1,NULL,NULL,NULL,'A',NULL);

/*Table structure for table `movimientos_caja` */

DROP TABLE IF EXISTS `movimientos_caja`;

CREATE TABLE `movimientos_caja` (
  `cod_mov` int(10) NOT NULL AUTO_INCREMENT,
  `fecha_mov` date DEFAULT NULL,
  `cod_sucursal` int(5) DEFAULT NULL,
  `cod_habilitacion` int(10) DEFAULT NULL,
  `cod_cliente` int(10) DEFAULT NULL,
  `cod_usuario` varchar(20) DEFAULT NULL,
  `total_mov` decimal(10,2) DEFAULT NULL,
  PRIMARY KEY (`cod_mov`),
  KEY `fk_mov_caja_cod_suc` (`cod_sucursal`),
  KEY `fk_mov_caja_cod_hab` (`cod_habilitacion`),
  KEY `fk_mov_caja_cod_clien` (`cod_cliente`),
  CONSTRAINT `fk_mov_caja_cod_clien` FOREIGN KEY (`cod_cliente`) REFERENCES `clientes` (`cod_cliente`),
  CONSTRAINT `fk_mov_caja_cod_hab` FOREIGN KEY (`cod_habilitacion`) REFERENCES `cajas_habilitaciones` (`cod_habilitacion`),
  CONSTRAINT `fk_mov_caja_cod_suc` FOREIGN KEY (`cod_sucursal`) REFERENCES `sucursales` (`cod_sucursal`)
) ENGINE=InnoDB DEFAULT CHARSET=utf8;

/*Data for the table `movimientos_caja` */

/*Table structure for table `movimientos_cobro` */

DROP TABLE IF EXISTS `movimientos_cobro`;

CREATE TABLE `movimientos_cobro` (
  `cod_mov_cobro` int(10) NOT NULL AUTO_INCREMENT,
  `cod_mov_caja` int(10) DEFAULT NULL,
  `cod_persona` int(10) DEFAULT NULL,
  `numero_valor` varchar(30) DEFAULT NULL,
  `numero_cuenta` varchar(30) DEFAULT NULL,
  `monto_cobro` decimal(10,2) DEFAULT NULL,
  PRIMARY KEY (`cod_mov_cobro`),
  KEY `fk_mov_cob_cod_mov_caj` (`cod_mov_caja`),
  KEY `fk_mov_cob_cod_pers` (`cod_persona`),
  CONSTRAINT `fk_mov_cob_cod_mov_caj` FOREIGN KEY (`cod_mov_caja`) REFERENCES `movimientos_caja` (`cod_mov`),
  CONSTRAINT `fk_mov_cob_cod_pers` FOREIGN KEY (`cod_persona`) REFERENCES `personas` (`cod_persona`)
) ENGINE=InnoDB DEFAULT CHARSET=utf8;

/*Data for the table `movimientos_cobro` */

/*Table structure for table `movimientos_comprobante` */

DROP TABLE IF EXISTS `movimientos_comprobante`;

CREATE TABLE `movimientos_comprobante` (
  `cod_mov_comp` int(10) NOT NULL AUTO_INCREMENT,
  `cod_mov_caj` int(10) DEFAULT NULL,
  `cod_comprob` int(10) DEFAULT NULL,
  `total_comp` decimal(10,2) DEFAULT NULL,
  PRIMARY KEY (`cod_mov_comp`),
  KEY `fk_mov_comp_cod_mov_caj` (`cod_mov_caj`),
  KEY `fk_mov_comp_cod_comp` (`cod_comprob`),
  CONSTRAINT `fk_mov_comp_cod_comp` FOREIGN KEY (`cod_comprob`) REFERENCES `comprobantes_cabecera` (`cod_compob`),
  CONSTRAINT `fk_mov_comp_cod_mov_caj` FOREIGN KEY (`cod_mov_caj`) REFERENCES `movimientos_caja` (`cod_mov`)
) ENGINE=InnoDB DEFAULT CHARSET=utf8;

/*Data for the table `movimientos_comprobante` */

/*Table structure for table `paises` */

DROP TABLE IF EXISTS `paises`;

CREATE TABLE `paises` (
  `cod_pais` int(10) NOT NULL AUTO_INCREMENT,
  `desc_pais` varchar(100) NOT NULL,
  PRIMARY KEY (`cod_pais`)
) ENGINE=InnoDB AUTO_INCREMENT=2 DEFAULT CHARSET=utf8;

/*Data for the table `paises` */

insert  into `paises`(`cod_pais`,`desc_pais`) values 
(1,'PARAGUAY');

/*Table structure for table `personas` */

DROP TABLE IF EXISTS `personas`;

CREATE TABLE `personas` (
  `cod_persona` int(10) NOT NULL AUTO_INCREMENT,
  `primer_nombre` varchar(50) NOT NULL,
  `segundo_nombre` varchar(50) DEFAULT NULL,
  `primer_apellido` varchar(50) NOT NULL,
  `segundo_apellido` varchar(50) DEFAULT NULL,
  `cod_tipo_doc` varchar(10) NOT NULL,
  `numero_documento` varchar(30) DEFAULT NULL,
  `fecha_nacimiento` date DEFAULT NULL,
  `cod_estado_civil` varchar(10) DEFAULT NULL,
  `telefono` varchar(100) DEFAULT NULL,
  `celular` varchar(100) DEFAULT NULL,
  `cod_pais` int(10) DEFAULT NULL,
  `cod_departamento` int(10) DEFAULT NULL,
  `cod_ciudad` int(10) DEFAULT NULL,
  `cod_barrio` int(10) DEFAULT NULL,
  `direccion` varchar(1000) DEFAULT NULL,
  PRIMARY KEY (`cod_persona`),
  UNIQUE KEY `num_doc_uniq` (`numero_documento`),
  KEY `fk_tipo_documento` (`cod_tipo_doc`),
  KEY `fk_estado_civil` (`cod_estado_civil`),
  KEY `fk_paises` (`cod_pais`),
  KEY `fk_departamentos` (`cod_departamento`),
  KEY `fk_ciudades` (`cod_ciudad`),
  KEY `fk_barrios` (`cod_barrio`),
  CONSTRAINT `fk_barrios` FOREIGN KEY (`cod_barrio`) REFERENCES `barrios` (`cod_barrio`),
  CONSTRAINT `fk_ciudades` FOREIGN KEY (`cod_ciudad`) REFERENCES `ciudades` (`cod_ciudad`),
  CONSTRAINT `fk_departamentos` FOREIGN KEY (`cod_departamento`) REFERENCES `departamentos` (`cod_departamento`),
  CONSTRAINT `fk_estado_civil` FOREIGN KEY (`cod_estado_civil`) REFERENCES `estado_civil` (`cod_estado_civil`),
  CONSTRAINT `fk_paises` FOREIGN KEY (`cod_pais`) REFERENCES `paises` (`cod_pais`),
  CONSTRAINT `fk_tipo_documento` FOREIGN KEY (`cod_tipo_doc`) REFERENCES `tipo_documentos` (`cod_tipo_doc`)
) ENGINE=InnoDB AUTO_INCREMENT=516 DEFAULT CHARSET=utf8;

/*Data for the table `personas` */

insert  into `personas`(`cod_persona`,`primer_nombre`,`segundo_nombre`,`primer_apellido`,`segundo_apellido`,`cod_tipo_doc`,`numero_documento`,`fecha_nacimiento`,`cod_estado_civil`,`telefono`,`celular`,`cod_pais`,`cod_departamento`,`cod_ciudad`,`cod_barrio`,`direccion`) values 
(1,'OCACIONAL',NULL,'OCACIONAL',NULL,'CI','3',NULL,NULL,NULL,NULL,1,NULL,NULL,NULL,NULL),
(2,'JONATHAN','DAVID','TORRES','VILLAGRA','CI','4749347','1993-06-13','SOLT','','0985-516-950',1,11,1,1,'CAACUPEMI BARRIO SAN ANTONIO'),
(3,'RICARDO','JAVIER','TORRES','VILLAGRA','CI','4749373','1992-09-04','SOLT',NULL,'0982-222-628',1,11,1,1,'CAACUPEMI'),
(5,'JESSICA',NULL,'SILVA',NULL,'CI','1',NULL,'SOLT',NULL,NULL,1,11,1,1,NULL),
(6,'CRISTINA',NULL,'FLECHA',NULL,'CI','10101',NULL,'SOLT',NULL,NULL,1,11,1,1,NULL),
(7,'TERESIO',NULL,'TORRES',NULL,'CI','1027263',NULL,'SOLT',NULL,NULL,1,11,1,1,NULL),
(8,'CRISPIN',NULL,'SANCHEZ',NULL,'CI','1030126',NULL,'SOLT',NULL,NULL,1,11,1,1,NULL),
(9,'MIGUEL',NULL,'ECHEVERRIA',NULL,'CI','1079618',NULL,'SOLT',NULL,NULL,1,11,1,1,NULL),
(10,'CARMEN',NULL,'RAMOS',NULL,'CI','1093438',NULL,'SOLT',NULL,NULL,1,11,1,1,NULL),
(11,'VICTOR',NULL,'CABRERA',NULL,'CI','11',NULL,'SOLT',NULL,NULL,1,11,1,1,NULL),
(12,'FRANCISCA',NULL,'VALLEJOS',NULL,'CI','1102943',NULL,'SOLT',NULL,NULL,1,11,1,1,NULL),
(13,'MARGARITA',NULL,'CABALLERO',NULL,'CI','1133559',NULL,'SOLT',NULL,NULL,1,11,1,1,NULL),
(14,'AURELIO',NULL,'ESCOBAR',NULL,'CI','1135444',NULL,'SOLT',NULL,NULL,1,11,1,1,NULL),
(15,'LUIS',NULL,'ARCE',NULL,'CI','1165908',NULL,'SOLT',NULL,NULL,1,11,1,1,NULL),
(16,'ELVIRA',NULL,'VARGAS',NULL,'CI','1170620',NULL,'SOLT',NULL,NULL,1,11,1,1,NULL),
(17,'MARIA',NULL,'ESPINOLA',NULL,'CI','1171431',NULL,'SOLT',NULL,NULL,1,11,1,1,NULL),
(18,'JORGE',NULL,'FRANCO',NULL,'CI','1207865',NULL,'SOLT',NULL,NULL,1,11,1,1,NULL),
(19,'MARCO',NULL,'SAUCEDO',NULL,'CI','1208287',NULL,'SOLT',NULL,NULL,1,11,1,1,NULL),
(20,'SALVADOR',NULL,'ALVARENGA',NULL,'CI','12111',NULL,'SOLT',NULL,NULL,1,11,1,1,NULL),
(21,'ANDRESA',NULL,'FRANCO',NULL,'CI','1219786',NULL,'SOLT',NULL,NULL,1,11,1,1,NULL),
(22,'EMILIO',NULL,'FRANCO',NULL,'CI','1221',NULL,'SOLT',NULL,NULL,1,11,1,1,NULL),
(23,'TEOFILO',NULL,'BAEZ',NULL,'CI','1225100',NULL,'SOLT',NULL,NULL,1,11,1,1,NULL),
(24,'MABEL',NULL,'RAMOS',NULL,'CI','12311',NULL,'SOLT',NULL,NULL,1,11,1,1,NULL),
(25,'ELSA',NULL,'MARTINEZ',NULL,'CI','1231429',NULL,'SOLT',NULL,NULL,1,11,1,1,NULL),
(26,'JUSTINO',NULL,'GIMENEZ',NULL,'CI','1234',NULL,'SOLT',NULL,NULL,1,11,1,1,NULL),
(27,'ANTONIO',NULL,'BOBADILLA',NULL,'CI','1238446',NULL,'SOLT',NULL,NULL,1,11,1,1,NULL),
(28,'VICTOR',NULL,'CARTES',NULL,'CI','1249866',NULL,'SOLT',NULL,NULL,1,11,1,1,NULL),
(29,'ESTELA',NULL,'ARCE',NULL,'CI','1256887',NULL,'SOLT',NULL,NULL,1,11,1,1,NULL),
(30,'MARIA',NULL,'GARCIA',NULL,'CI','1270247',NULL,'SOLT',NULL,NULL,1,11,1,1,NULL),
(31,'AQUILINA',NULL,'GONZALEZ',NULL,'CI','1291552',NULL,'SOLT',NULL,NULL,1,11,1,1,NULL),
(32,'FELISIA',NULL,'ARANDA',NULL,'CI','1294294',NULL,'SOLT',NULL,NULL,1,11,1,1,NULL),
(33,'ANDRES',NULL,'CARDOZO',NULL,'CI','1303304',NULL,'SOLT',NULL,NULL,1,11,1,1,NULL),
(34,'MYRIAN',NULL,'FRANCO',NULL,'CI','1312954',NULL,'SOLT',NULL,NULL,1,11,1,1,NULL),
(35,'ALCADIO',NULL,'DUARTE',NULL,'CI','1321600',NULL,'SOLT',NULL,NULL,1,11,1,1,NULL),
(36,'CLAUDIA',NULL,'CABRERA',NULL,'CI','1329284',NULL,'SOLT',NULL,NULL,1,11,1,1,NULL),
(37,'BLANCA',NULL,'DUARTE',NULL,'CI','1329310',NULL,'SOLT',NULL,NULL,1,11,1,1,NULL),
(38,'VICTORIANO',NULL,'HERMOSILLA',NULL,'CI','1329311',NULL,'SOLT',NULL,NULL,1,11,1,1,NULL),
(39,'REINALDO',NULL,'RODAS',NULL,'CI','1329334',NULL,'SOLT',NULL,NULL,1,11,1,1,NULL),
(40,'BLANCA',NULL,'FERNANDEZ',NULL,'CI','1344532',NULL,'SOLT',NULL,NULL,1,11,1,1,NULL),
(41,'FRANCISCO',NULL,'PANIAGUA',NULL,'CI','1382930',NULL,'SOLT',NULL,NULL,1,11,1,1,NULL),
(42,'SEBASTIAN',NULL,'TORRES',NULL,'CI','1390',NULL,'SOLT',NULL,NULL,1,11,1,1,NULL),
(43,'DELROSARIO',NULL,'TORRES',NULL,'CI','1391101',NULL,'SOLT',NULL,NULL,1,11,1,1,NULL),
(44,'LUIS',NULL,'LOPEZ',NULL,'CI','1431',NULL,'SOLT',NULL,NULL,1,11,1,1,NULL),
(45,'ANASTACIO',NULL,'BRITEZ',NULL,'CI','1447541',NULL,'SOLT',NULL,NULL,1,11,1,1,NULL),
(46,'MIGDONIO',NULL,'CABALLERO',NULL,'CI','1451467',NULL,'SOLT',NULL,NULL,1,11,1,1,NULL),
(47,'JULIO',NULL,'RIQUELME',NULL,'CI','1453691',NULL,'SOLT',NULL,NULL,1,11,1,1,NULL),
(48,'TERESA',NULL,'JARA',NULL,'CI','1486795',NULL,'SOLT',NULL,NULL,1,11,1,1,NULL),
(49,'JUAN',NULL,'DELGADILLO',NULL,'CI','1506802',NULL,'SOLT',NULL,NULL,1,11,1,1,NULL),
(50,'EUGENIO',NULL,'CABALLERO',NULL,'CI','1507730',NULL,'SOLT',NULL,NULL,1,11,1,1,NULL),
(51,'ALFREDO',NULL,'GIMENEZ',NULL,'CI','1562290',NULL,'SOLT',NULL,NULL,1,11,1,1,NULL),
(52,'GENARO',NULL,'BENITEZ',NULL,'CI','1616492',NULL,'SOLT',NULL,NULL,1,11,1,1,NULL),
(53,'LUCIO',NULL,'MARECOS',NULL,'CI','1634246',NULL,'SOLT',NULL,NULL,1,11,1,1,NULL),
(54,'LUCIO',NULL,'BRITEZ',NULL,'CI','1674106',NULL,'SOLT',NULL,NULL,1,11,1,1,NULL),
(55,'ADELIO',NULL,'MIRET',NULL,'CI','1730264',NULL,'SOLT',NULL,NULL,1,11,1,1,NULL),
(56,'ERVIN',NULL,'FRANCO',NULL,'CI','1747221',NULL,'SOLT',NULL,NULL,1,11,1,1,NULL),
(57,'AURORA',NULL,'BRIZUELA',NULL,'CI','1767440',NULL,'SOLT',NULL,NULL,1,11,1,1,NULL),
(58,'VICENTE',NULL,'GONZALEZ',NULL,'CI','1776639',NULL,'SOLT',NULL,NULL,1,11,1,1,NULL),
(59,'NELSON',NULL,'DIAZ',NULL,'CI','1783572',NULL,'SOLT',NULL,NULL,1,11,1,1,NULL),
(60,'PERFECTO',NULL,'LEIVA',NULL,'CI','1825244',NULL,'SOLT',NULL,NULL,1,11,1,1,NULL),
(61,'SARA',NULL,'MARTINEZ',NULL,'CI','1858602',NULL,'SOLT',NULL,NULL,1,11,1,1,NULL),
(62,'DENISE',NULL,'GAONA',NULL,'CI','1858617',NULL,'SOLT',NULL,NULL,1,11,1,1,NULL),
(63,'JUAN',NULL,'CABRERA',NULL,'CI','1859996',NULL,'SOLT',NULL,NULL,1,11,1,1,NULL),
(64,'ALISON',NULL,'ADORNO',NULL,'CI','1886408',NULL,'SOLT',NULL,NULL,1,11,1,1,NULL),
(65,'FRANCISCA',NULL,'ADORNO',NULL,'CI','1886409',NULL,'SOLT',NULL,NULL,1,11,1,1,NULL),
(66,'WALTER',NULL,'ACOSTA',NULL,'CI','1886410',NULL,'SOLT',NULL,NULL,1,11,1,1,NULL),
(67,'VICTOR',NULL,'ALFONZO',NULL,'CI','1888673',NULL,'SOLT',NULL,NULL,1,11,1,1,NULL),
(68,'EDUARDA',NULL,'CABALLERO',NULL,'CI','189847',NULL,'SOLT',NULL,NULL,1,11,1,1,NULL),
(69,'ALBERTO',NULL,'CASSANOVA',NULL,'CI','190',NULL,'SOLT',NULL,NULL,1,11,1,1,NULL),
(70,'TOMAS',NULL,'VELOZO',NULL,'CI','1902953',NULL,'SOLT',NULL,NULL,1,11,1,1,NULL),
(71,'MARIA',NULL,'PELUQ',NULL,'CI','191',NULL,'SOLT',NULL,NULL,1,11,1,1,NULL),
(72,'JUAN',NULL,'R.',NULL,'CI','1918250',NULL,'SOLT',NULL,NULL,1,11,1,1,NULL),
(73,'JUANA',NULL,'FRANCO',NULL,'CI','1921',NULL,'SOLT',NULL,NULL,1,11,1,1,NULL),
(74,'ANTONIO',NULL,'LOPEZ',NULL,'CI','19334',NULL,'SOLT',NULL,NULL,1,11,1,1,NULL),
(75,'JUAN',NULL,'SINMERLI',NULL,'CI','1937',NULL,'SOLT',NULL,NULL,1,11,1,1,NULL),
(76,'WILFRIDO',NULL,'MARTINEZ',NULL,'CI','1959599',NULL,'SOLT',NULL,NULL,1,11,1,1,NULL),
(77,'ALVINO',NULL,'A',NULL,'CI','1960276',NULL,'SOLT',NULL,NULL,1,11,1,1,NULL),
(78,'MIGUEL',NULL,'LEIVA',NULL,'CI','1974851',NULL,'SOLT',NULL,NULL,1,11,1,1,NULL),
(79,'MAGDALENA',NULL,'GOMEZ',NULL,'CI','1993747',NULL,'SOLT',NULL,NULL,1,11,1,1,NULL),
(80,'JUAN',NULL,'AMARILLA',NULL,'CI','2008492',NULL,'SOLT',NULL,NULL,1,11,1,1,NULL),
(81,'VICTOR',NULL,'MORAN',NULL,'CI','2031845',NULL,'SOLT',NULL,NULL,1,11,1,1,NULL),
(82,'DERLIZ',NULL,'M',NULL,'CI','2042413',NULL,'SOLT',NULL,NULL,1,11,1,1,NULL),
(83,'OSCAR',NULL,'CABALLERO',NULL,'CI','2055090',NULL,'SOLT',NULL,NULL,1,11,1,1,NULL),
(84,'ADELA',NULL,'ACOSTA',NULL,'CI','2056166',NULL,'SOLT',NULL,NULL,1,11,1,1,NULL),
(85,'MARIA',NULL,'MARIN',NULL,'CI','2057794',NULL,'SOLT',NULL,NULL,1,11,1,1,NULL),
(86,'CESAR',NULL,'GOMEZ',NULL,'CI','2057923',NULL,'SOLT',NULL,NULL,1,11,1,1,NULL),
(87,'AUTRI',NULL,'ACHAR',NULL,'CI','2077117',NULL,'SOLT',NULL,NULL,1,11,1,1,NULL),
(88,'MARIA',NULL,'NAVARRO',NULL,'CI','2085858',NULL,'SOLT',NULL,NULL,1,11,1,1,NULL),
(89,'YONY',NULL,'CARRERO',NULL,'CI','2094341',NULL,'SOLT',NULL,NULL,1,11,1,1,NULL),
(90,'ADALBERTO',NULL,'RODAS',NULL,'CI','2102792',NULL,'SOLT',NULL,NULL,1,11,1,1,NULL),
(91,'LUCILA',NULL,'SANABRIA',NULL,'CI','2107739',NULL,'SOLT',NULL,NULL,1,11,1,1,NULL),
(92,'SALVADOR',NULL,'GONZALEZ',NULL,'CI','2138144',NULL,'SOLT',NULL,NULL,1,11,1,1,NULL),
(93,'JOSE',NULL,'MARIN',NULL,'CI','2143996',NULL,'SOLT',NULL,NULL,1,11,1,1,NULL),
(94,'NORMA',NULL,'DIAZ',NULL,'CI','2149478',NULL,'SOLT',NULL,NULL,1,11,1,1,NULL),
(95,'MAURA',NULL,'ENCISO',NULL,'CI','2150978',NULL,'SOLT',NULL,NULL,1,11,1,1,NULL),
(96,'MARIA',NULL,'FLORENTIN',NULL,'CI','2151422',NULL,'SOLT',NULL,NULL,1,11,1,1,NULL),
(97,'MARTA',NULL,'F.',NULL,'CI','2153055',NULL,'SOLT',NULL,NULL,1,11,1,1,NULL),
(98,'MARCOS',NULL,'BOGADO',NULL,'CI','2159390',NULL,'SOLT',NULL,NULL,1,11,1,1,NULL),
(99,'NILDA',NULL,'DIAZ',NULL,'CI','2180179',NULL,'SOLT',NULL,NULL,1,11,1,1,NULL),
(100,'RICARDO',NULL,'MIRANDA',NULL,'CI','2181637',NULL,'SOLT',NULL,NULL,1,11,1,1,NULL),
(101,'CESAR',NULL,'CRISTALDO',NULL,'CI','21944367',NULL,'SOLT',NULL,NULL,1,11,1,1,NULL),
(102,'PAULO',NULL,'BERHTE',NULL,'CI','2207824',NULL,'SOLT',NULL,NULL,1,11,1,1,NULL),
(103,'SONIA',NULL,'CACERES',NULL,'CI','2219842',NULL,'SOLT',NULL,NULL,1,11,1,1,NULL),
(104,'JUANA',NULL,'CHILENO',NULL,'CI','2220591',NULL,'SOLT',NULL,NULL,1,11,1,1,NULL),
(105,'MIGUEL',NULL,'CORONEL',NULL,'CI','2228785',NULL,'SOLT',NULL,NULL,1,11,1,1,NULL),
(106,'INOCENTE',NULL,'GONZALEZ',NULL,'CI','22333865',NULL,'SOLT',NULL,NULL,1,11,1,1,NULL),
(107,'NANCY',NULL,'FRETES',NULL,'CI','2233996',NULL,'SOLT',NULL,NULL,1,11,1,1,NULL),
(108,'FABIO',NULL,'AYALA',NULL,'CI','2240515',NULL,'SOLT',NULL,NULL,1,11,1,1,NULL),
(109,'CRISTHIAN',NULL,'GONZALEZ',NULL,'CI','2288804',NULL,'SOLT',NULL,NULL,1,11,1,1,NULL),
(110,'PEDRO',NULL,'DOMINGUEZ',NULL,'CI','2314745',NULL,'SOLT',NULL,NULL,1,11,1,1,NULL),
(111,'MIGUEL',NULL,'BENITEZ',NULL,'CI','2342785',NULL,'SOLT',NULL,NULL,1,11,1,1,NULL),
(112,'ISIDORA',NULL,'TALAVERA',NULL,'CI','2345305',NULL,'SOLT',NULL,NULL,1,11,1,1,NULL),
(113,'CARLOS',NULL,'CANTERO',NULL,'CI','2354651',NULL,'SOLT',NULL,NULL,1,11,1,1,NULL),
(114,'ALBERTA',NULL,'FERNANDEZ',NULL,'CI','2410561',NULL,'SOLT',NULL,NULL,1,11,1,1,NULL),
(115,'SERGIO',NULL,'ZARATE',NULL,'CI','2422858',NULL,'SOLT',NULL,NULL,1,11,1,1,NULL),
(116,'HUGO',NULL,'FLEYTAS',NULL,'CI','2423882',NULL,'SOLT',NULL,NULL,1,11,1,1,NULL),
(117,'ENRIQUE',NULL,'FERNANDEZ',NULL,'CI','2436979',NULL,'SOLT',NULL,NULL,1,11,1,1,NULL),
(118,'EVER',NULL,'FRANCO',NULL,'CI','2437202',NULL,'SOLT',NULL,NULL,1,11,1,1,NULL),
(119,'FRANCISCO',NULL,'ARAUJO',NULL,'CI','2447516',NULL,'SOLT',NULL,NULL,1,11,1,1,NULL),
(120,'ANGELA',NULL,'PISTILLI',NULL,'CI','24490263',NULL,'SOLT',NULL,NULL,1,11,1,1,NULL),
(121,'RAFAEL',NULL,'BENITEZ',NULL,'CI','2468145',NULL,'SOLT',NULL,NULL,1,11,1,1,NULL),
(122,'NANCY',NULL,'BAREIRO',NULL,'CI','2489567',NULL,'SOLT',NULL,NULL,1,11,1,1,NULL),
(123,'CARLOS',NULL,'CABRERA',NULL,'CI','2517065',NULL,'SOLT',NULL,NULL,1,11,1,1,NULL),
(124,'JUAN',NULL,'RIQUELME',NULL,'CI','2520157',NULL,'SOLT',NULL,NULL,1,11,1,1,NULL),
(125,'ROSSANA',NULL,'VAZQUEZ',NULL,'CI','2525422',NULL,'SOLT',NULL,NULL,1,11,1,1,NULL),
(126,'SILVERIO',NULL,'VERA',NULL,'CI','2533935',NULL,'SOLT',NULL,NULL,1,11,1,1,NULL),
(127,'JUAN',NULL,'GUERRERO',NULL,'CI','2548929',NULL,'SOLT',NULL,NULL,1,11,1,1,NULL),
(128,'TEODORA',NULL,'LARROZA',NULL,'CI','2550326',NULL,'SOLT',NULL,NULL,1,11,1,1,NULL),
(129,'FELICIA',NULL,'RAMIREZ',NULL,'CI','2574672',NULL,'SOLT',NULL,NULL,1,11,1,1,NULL),
(130,'HECTOR',NULL,'DETEZ',NULL,'CI','2580516',NULL,'SOLT',NULL,NULL,1,11,1,1,NULL),
(131,'JORGELINA',NULL,'NALERIO',NULL,'CI','2599159',NULL,'SOLT',NULL,NULL,1,11,1,1,NULL),
(132,'YENY',NULL,'PORTILLO',NULL,'CI','2601932',NULL,'SOLT',NULL,NULL,1,11,1,1,NULL),
(133,'MARIA',NULL,'A',NULL,'CI','2613068',NULL,'SOLT',NULL,NULL,1,11,1,1,NULL),
(134,'GERMAN',NULL,'CARDENAS',NULL,'CI','2617135',NULL,'SOLT',NULL,NULL,1,11,1,1,NULL),
(135,'ALFREDO',NULL,'GOMEZ',NULL,'CI','2631507',NULL,'SOLT',NULL,NULL,1,11,1,1,NULL),
(136,'VERONICA',NULL,'ORTEGA',NULL,'CI','2671101',NULL,'SOLT',NULL,NULL,1,11,1,1,NULL),
(137,'PRIMITIVA',NULL,'PRIMITIVA',NULL,'CI','270118',NULL,'SOLT',NULL,NULL,1,11,1,1,NULL),
(138,'RICARDO',NULL,'DIEZ',NULL,'CI','2829584',NULL,'SOLT',NULL,NULL,1,11,1,1,NULL),
(139,'JULIO',NULL,'ALARCON',NULL,'CI','2854948',NULL,'SOLT',NULL,NULL,1,11,1,1,NULL),
(140,'MARIA',NULL,'MEDINA',NULL,'CI','2860246',NULL,'SOLT',NULL,NULL,1,11,1,1,NULL),
(141,'ROSALBA',NULL,'SCAPPINI',NULL,'CI','2882495',NULL,'SOLT',NULL,NULL,1,11,1,1,NULL),
(142,'MARIO',NULL,'MORA',NULL,'CI','2885534',NULL,'SOLT',NULL,NULL,1,11,1,1,NULL),
(143,'DIGNO',NULL,'SANCHEZ',NULL,'CI','2900361',NULL,'SOLT',NULL,NULL,1,11,1,1,NULL),
(144,'IXIDA',NULL,'MERELES',NULL,'CI','2901039',NULL,'SOLT',NULL,NULL,1,11,1,1,NULL),
(145,'CRISTHIAN',NULL,'DIAZ',NULL,'CI','2920393',NULL,'SOLT',NULL,NULL,1,11,1,1,NULL),
(146,'CYNTHIA',NULL,'CABRERA',NULL,'CI','2934544',NULL,'SOLT',NULL,NULL,1,11,1,1,NULL),
(147,'MARICEL',NULL,'GIMENEZ',NULL,'CI','2934581',NULL,'SOLT',NULL,NULL,1,11,1,1,NULL),
(148,'MELANIA',NULL,'ALVAREZ',NULL,'CI','2952487',NULL,'SOLT',NULL,NULL,1,11,1,1,NULL),
(149,'MIRTHA',NULL,'MIRTHA',NULL,'CI','2962260',NULL,'SOLT',NULL,NULL,1,11,1,1,NULL),
(150,'DARIO',NULL,'AGUERO',NULL,'CI','29637260',NULL,'SOLT',NULL,NULL,1,11,1,1,NULL),
(151,'VICTORIA',NULL,'OSORIO',NULL,'CI','3001595',NULL,'SOLT',NULL,NULL,1,11,1,1,NULL),
(152,'VIRGINIO',NULL,'ESQUIVEL',NULL,'CI','3001768',NULL,'SOLT',NULL,NULL,1,11,1,1,NULL),
(153,'YLSE',NULL,'H.',NULL,'CI','3001820',NULL,'SOLT',NULL,NULL,1,11,1,1,NULL),
(154,'CINTHIA',NULL,'MEZA',NULL,'CI','3001897',NULL,'SOLT',NULL,NULL,1,11,1,1,NULL),
(155,'GILBERTO',NULL,'GONZALEZ',NULL,'CI','3015266',NULL,'SOLT',NULL,NULL,1,11,1,1,NULL),
(156,'AURELIO',NULL,'ORTELLADO',NULL,'CI','3024397',NULL,'SOLT',NULL,NULL,1,11,1,1,NULL),
(157,'CAROL',NULL,'BRIZUELA',NULL,'CI','3027178',NULL,'SOLT',NULL,NULL,1,11,1,1,NULL),
(158,'JULIO',NULL,'BAEZ',NULL,'CI','3033990',NULL,'SOLT',NULL,NULL,1,11,1,1,NULL),
(159,'CYNTHIA',NULL,'FERREIRA',NULL,'CI','3181484',NULL,'SOLT',NULL,NULL,1,11,1,1,NULL),
(160,'LIZ',NULL,'A',NULL,'CI','3215274',NULL,'SOLT',NULL,NULL,1,11,1,1,NULL),
(161,'HECTOR',NULL,'ALVARENGA',NULL,'CI','3219535',NULL,'SOLT',NULL,NULL,1,11,1,1,NULL),
(162,'VICTORIANO',NULL,'LUJAN',NULL,'CI','3227599',NULL,'SOLT',NULL,NULL,1,11,1,1,NULL),
(163,'DIONICIO',NULL,'DIONICIO',NULL,'CI','3233196',NULL,'SOLT',NULL,NULL,1,11,1,1,NULL),
(164,'LAURA',NULL,'GARCIA',NULL,'CI','3256904',NULL,'SOLT',NULL,NULL,1,11,1,1,NULL),
(165,'VICTOR',NULL,'FERNANDEZ',NULL,'CI','3264085',NULL,'SOLT',NULL,NULL,1,11,1,1,NULL),
(166,'HUGO',NULL,'MENDOZA',NULL,'CI','3293323',NULL,'SOLT',NULL,NULL,1,11,1,1,NULL),
(167,'BEATRIZ',NULL,'FERREIRA',NULL,'CI','3298946',NULL,'SOLT',NULL,NULL,1,11,1,1,NULL),
(168,'LUCIANO',NULL,'PAIVA',NULL,'CI','3344987',NULL,'SOLT',NULL,NULL,1,11,1,1,NULL),
(169,'SANDRA',NULL,'ESPINOLA',NULL,'CI','3363094',NULL,'SOLT',NULL,NULL,1,11,1,1,NULL),
(170,'JESUS',NULL,'IRALA',NULL,'CI','3387977',NULL,'SOLT',NULL,NULL,1,11,1,1,NULL),
(171,'OSMAR',NULL,'ARCE',NULL,'CI','3388026',NULL,'SOLT',NULL,NULL,1,11,1,1,NULL),
(172,'ANGELA',NULL,'DOMINGUEZ',NULL,'CI','3390088',NULL,'SOLT',NULL,NULL,1,11,1,1,NULL),
(173,'VICTOR',NULL,'GONZALEZ',NULL,'CI','3404415',NULL,'SOLT',NULL,NULL,1,11,1,1,NULL),
(174,'LAURA',NULL,'MARTINEZ',NULL,'CI','3422231',NULL,'SOLT',NULL,NULL,1,11,1,1,NULL),
(175,'MARIA',NULL,'LEGAL',NULL,'CI','3469831',NULL,'SOLT',NULL,NULL,1,11,1,1,NULL),
(176,'IRIS',NULL,'BOGARIN',NULL,'CI','3487572',NULL,'SOLT',NULL,NULL,1,11,1,1,NULL),
(177,'RAMON',NULL,'DIAZ',NULL,'CI','3490617',NULL,'SOLT',NULL,NULL,1,11,1,1,NULL),
(178,'LIMPIA',NULL,'FERNANDEZ',NULL,'CI','3500459',NULL,'SOLT',NULL,NULL,1,11,1,1,NULL),
(179,'GRACIELA',NULL,'ESPINOZA',NULL,'CI','3525663',NULL,'SOLT',NULL,NULL,1,11,1,1,NULL),
(180,'NORMA',NULL,'SOTO',NULL,'CI','3533834',NULL,'SOLT',NULL,NULL,1,11,1,1,NULL),
(181,'ALFREDO',NULL,'CABRAL',NULL,'CI','3537210',NULL,'SOLT',NULL,NULL,1,11,1,1,NULL),
(182,'REMIGIA',NULL,'DIAZ',NULL,'CI','354420',NULL,'SOLT',NULL,NULL,1,11,1,1,NULL),
(183,'BRIGIDA',NULL,'CABALLERO',NULL,'CI','3556760',NULL,'SOLT',NULL,NULL,1,11,1,1,NULL),
(184,'SANTIAGO',NULL,'OVIEDO',NULL,'CI','3562153',NULL,'SOLT',NULL,NULL,1,11,1,1,NULL),
(185,'CRISTIAN',NULL,'C.',NULL,'CI','3571533',NULL,'SOLT',NULL,NULL,1,11,1,1,NULL),
(186,'ANUNCIA',NULL,'RODRIGUEZ',NULL,'CI','3590479',NULL,'SOLT',NULL,NULL,1,11,1,1,NULL),
(187,'JULIO',NULL,'MERLO',NULL,'CI','3644222',NULL,'SOLT',NULL,NULL,1,11,1,1,NULL),
(188,'WILLIAN',NULL,'RAMOS',NULL,'CI','3646236',NULL,'SOLT',NULL,NULL,1,11,1,1,NULL),
(189,'ADELINA',NULL,'PAREDES',NULL,'CI','3647828',NULL,'SOLT',NULL,NULL,1,11,1,1,NULL),
(190,'DIANA',NULL,'ZELADA',NULL,'CI','3660330',NULL,'SOLT',NULL,NULL,1,11,1,1,NULL),
(191,'SALUSTIANA',NULL,'DIAZ',NULL,'CI','3678585',NULL,'SOLT',NULL,NULL,1,11,1,1,NULL),
(192,'NELIDA',NULL,'RIOS',NULL,'CI','3679297',NULL,'SOLT',NULL,NULL,1,11,1,1,NULL),
(193,'MATIAS',NULL,'DIAZ',NULL,'CI','3684860',NULL,'SOLT',NULL,NULL,1,11,1,1,NULL),
(194,'MARIA',NULL,'MARTINEZ',NULL,'CI','3692286',NULL,'SOLT',NULL,NULL,1,11,1,1,NULL),
(195,'CESAR',NULL,'CABALLERO',NULL,'CI','3700167',NULL,'SOLT',NULL,NULL,1,11,1,1,NULL),
(196,'NILDA',NULL,'ESPINOLA',NULL,'CI','3766813',NULL,'SOLT',NULL,NULL,1,11,1,1,NULL),
(197,'ENZO',NULL,'MEYER',NULL,'CI','3776798',NULL,'SOLT',NULL,NULL,1,11,1,1,NULL),
(198,'JORGE',NULL,'FRANCO',NULL,'CI','3776804',NULL,'SOLT',NULL,NULL,1,11,1,1,NULL),
(199,'NINFA',NULL,'COHENE',NULL,'CI','3776813',NULL,'SOLT',NULL,NULL,1,11,1,1,NULL),
(200,'MKARIA',NULL,'OCAMPOS',NULL,'CI','3776817',NULL,'SOLT',NULL,NULL,1,11,1,1,NULL),
(201,'OLGA',NULL,'GAONA',NULL,'CI','3784720',NULL,'SOLT',NULL,NULL,1,11,1,1,NULL),
(202,'ANA',NULL,'IRALA',NULL,'CI','3812438',NULL,'SOLT',NULL,NULL,1,11,1,1,NULL),
(203,'DOLLY',NULL,'FLEITAS',NULL,'CI','3817386',NULL,'SOLT',NULL,NULL,1,11,1,1,NULL),
(204,'BLANCA',NULL,'GONZALEZ',NULL,'CI','3832016',NULL,'SOLT',NULL,NULL,1,11,1,1,NULL),
(205,'GERARDO',NULL,'BURGOS',NULL,'CI','3837783',NULL,'SOLT',NULL,NULL,1,11,1,1,NULL),
(206,'FRANCISCO',NULL,'BENITEZ',NULL,'CI','3862693',NULL,'SOLT',NULL,NULL,1,11,1,1,NULL),
(207,'FELIX',NULL,'DIAZ',NULL,'CI','3877095',NULL,'SOLT',NULL,NULL,1,11,1,1,NULL),
(208,'PERCIO',NULL,'BECKER',NULL,'CI','393020',NULL,'SOLT',NULL,NULL,1,11,1,1,NULL),
(209,'CARLOS',NULL,'HER',NULL,'CI','3931622',NULL,'SOLT',NULL,NULL,1,11,1,1,NULL),
(210,'ROSSANA',NULL,'PEREZ',NULL,'CI','3933420',NULL,'SOLT',NULL,NULL,1,11,1,1,NULL),
(211,'SERGIO',NULL,'AQUINO',NULL,'CI','3935778',NULL,'SOLT',NULL,NULL,1,11,1,1,NULL),
(212,'JUSTINA',NULL,'JUSTINA',NULL,'CI','3972866',NULL,'SOLT',NULL,NULL,1,11,1,1,NULL),
(213,'PATRICIO',NULL,'BOGADO',NULL,'CI','3974097',NULL,'SOLT',NULL,NULL,1,11,1,1,NULL),
(214,'VIVIANA',NULL,'FERREIRA',NULL,'CI','3982586',NULL,'SOLT',NULL,NULL,1,11,1,1,NULL),
(215,'FERNANDO',NULL,'PEREIRA',NULL,'CI','3988326',NULL,'SOLT',NULL,NULL,1,11,1,1,NULL),
(216,'LAURA',NULL,'ROJAS',NULL,'CI','39916418',NULL,'SOLT',NULL,NULL,1,11,1,1,NULL),
(217,'JORGE',NULL,'MELGAREJO',NULL,'CI','3991912',NULL,'SOLT',NULL,NULL,1,11,1,1,NULL),
(218,'CARLOS',NULL,'CHAVEZ',NULL,'CI','3998292',NULL,'SOLT',NULL,NULL,1,11,1,1,NULL),
(219,'ELSA',NULL,'GAUTO',NULL,'CI','4011295',NULL,'SOLT',NULL,NULL,1,11,1,1,NULL),
(220,'GERARDO',NULL,'CUENCA',NULL,'CI','4013707',NULL,'SOLT',NULL,NULL,1,11,1,1,NULL),
(221,'SILVANA',NULL,'M.',NULL,'CI','4022782',NULL,'SOLT',NULL,NULL,1,11,1,1,NULL),
(222,'BARSILICIA',NULL,'VILLALBA',NULL,'CI','4044554',NULL,'SOLT',NULL,NULL,1,11,1,1,NULL),
(223,'ARMANDO',NULL,'ACUNHA',NULL,'CI','4056266',NULL,'SOLT',NULL,NULL,1,11,1,1,NULL),
(224,'FELICIANA',NULL,'SANCHEZ',NULL,'CI','4056602',NULL,'SOLT',NULL,NULL,1,11,1,1,NULL),
(225,'GLORIA',NULL,'MORA',NULL,'CI','4082010',NULL,'SOLT',NULL,NULL,1,11,1,1,NULL),
(226,'ALEXIS',NULL,'TORREZ',NULL,'CI','4085292',NULL,'SOLT',NULL,NULL,1,11,1,1,NULL),
(227,'DIEGO',NULL,'CORONEL',NULL,'CI','4109720',NULL,'SOLT',NULL,NULL,1,11,1,1,NULL),
(228,'CIRILA',NULL,'FERREIRA',NULL,'CI','4162075',NULL,'SOLT',NULL,NULL,1,11,1,1,NULL),
(229,'LIZZIE',NULL,'GIMENEZ',NULL,'CI','4182782',NULL,'SOLT',NULL,NULL,1,11,1,1,NULL),
(230,'SILVIA',NULL,'AMARILLA',NULL,'CI','4193233',NULL,'SOLT',NULL,NULL,1,11,1,1,NULL),
(231,'CLAUDIA',NULL,'CANTERO',NULL,'CI','4197458',NULL,'SOLT',NULL,NULL,1,11,1,1,NULL),
(232,'MARIELA',NULL,'CANDIA',NULL,'CI','4202618',NULL,'SOLT',NULL,NULL,1,11,1,1,NULL),
(233,'MARIO',NULL,'PALACIOS',NULL,'CI','4219026',NULL,'SOLT',NULL,NULL,1,11,1,1,NULL),
(234,'LEONEL',NULL,'LEIVA',NULL,'CI','423128556',NULL,'SOLT',NULL,NULL,1,11,1,1,NULL),
(235,'PATRICIA',NULL,'AREVALOS',NULL,'CI','4235410',NULL,'SOLT',NULL,NULL,1,11,1,1,NULL),
(236,'SONIA',NULL,'RAMOS',NULL,'CI','4254363',NULL,'SOLT',NULL,NULL,1,11,1,1,NULL),
(237,'MIGUEL',NULL,'ORTIZ',NULL,'CI','4280805',NULL,'SOLT',NULL,NULL,1,11,1,1,NULL),
(238,'ROCIO',NULL,'MENDOZA',NULL,'CI','4300915',NULL,'SOLT',NULL,NULL,1,11,1,1,NULL),
(239,'ORGE',NULL,'RODAS',NULL,'CI','4309639',NULL,'SOLT',NULL,NULL,1,11,1,1,NULL),
(240,'FIDELINA',NULL,'ORTIZ',NULL,'CI','4311632',NULL,'SOLT',NULL,NULL,1,11,1,1,NULL),
(241,'ROBERTO',NULL,'LOPEZ',NULL,'CI','4326601',NULL,'SOLT',NULL,NULL,1,11,1,1,NULL),
(242,'JOEL',NULL,'VELOZO',NULL,'CI','4332844',NULL,'SOLT',NULL,NULL,1,11,1,1,NULL),
(243,'MAXIMA',NULL,'PERALTA',NULL,'CI','4341382',NULL,'SOLT',NULL,NULL,1,11,1,1,NULL),
(244,'DIEGO',NULL,'OPORTO',NULL,'CI','4343083',NULL,'SOLT',NULL,NULL,1,11,1,1,NULL),
(245,'LUCIO',NULL,'PANIAGUA',NULL,'CI','4345422',NULL,'SOLT',NULL,NULL,1,11,1,1,NULL),
(246,'RODRIGO',NULL,'ARCE',NULL,'CI','4350346',NULL,'SOLT',NULL,NULL,1,11,1,1,NULL),
(247,'RODRIGO',NULL,'FRETES',NULL,'CI','4354001',NULL,'SOLT',NULL,NULL,1,11,1,1,NULL),
(248,'RODRIGO',NULL,'JARA',NULL,'CI','4357380',NULL,'SOLT',NULL,NULL,1,11,1,1,NULL),
(249,'JORGE',NULL,'MARTINEZ',NULL,'CI','4360356',NULL,'SOLT',NULL,NULL,1,11,1,1,NULL),
(250,'CRISTHIAN',NULL,'PENAYO',NULL,'CI','4366778',NULL,'SOLT',NULL,NULL,1,11,1,1,NULL),
(251,'NADIA',NULL,'GIMENEZ',NULL,'CI','4375597',NULL,'SOLT',NULL,NULL,1,11,1,1,NULL),
(252,'ALCIDES',NULL,'ESCOBAR',NULL,'CI','4388333',NULL,'SOLT',NULL,NULL,1,11,1,1,NULL),
(253,'AMADO',NULL,'LEZCANO',NULL,'CI','4403048',NULL,'SOLT',NULL,NULL,1,11,1,1,NULL),
(254,'CLAUDIA',NULL,'JARA',NULL,'CI','4403918',NULL,'SOLT',NULL,NULL,1,11,1,1,NULL),
(255,'LEILA',NULL,'BRITEZ',NULL,'CI','4406261',NULL,'SOLT',NULL,NULL,1,11,1,1,NULL),
(256,'ADELIO',NULL,'LOPEZ',NULL,'CI','4406421',NULL,'SOLT',NULL,NULL,1,11,1,1,NULL),
(257,'MARCELINA',NULL,'SILVA',NULL,'CI','4430427',NULL,'SOLT',NULL,NULL,1,11,1,1,NULL),
(258,'RICHARD',NULL,'RIQUELME',NULL,'CI','4436709',NULL,'SOLT',NULL,NULL,1,11,1,1,NULL),
(259,'LURDES',NULL,'FRANCO',NULL,'CI','4444655',NULL,'SOLT',NULL,NULL,1,11,1,1,NULL),
(260,'ROSA',NULL,'GIMENEZ',NULL,'CI','4450280',NULL,'SOLT',NULL,NULL,1,11,1,1,NULL),
(261,'VICENTE',NULL,'ALCARAZ',NULL,'CI','4465134',NULL,'SOLT',NULL,NULL,1,11,1,1,NULL),
(262,'VICTOR',NULL,'PALMA',NULL,'CI','4466251',NULL,'SOLT',NULL,NULL,1,11,1,1,NULL),
(263,'EVER',NULL,'GONZALEZ',NULL,'CI','4473766',NULL,'SOLT',NULL,NULL,1,11,1,1,NULL),
(264,'JUAN',NULL,'DUARTE',NULL,'CI','4475651',NULL,'SOLT',NULL,NULL,1,11,1,1,NULL),
(265,'BERNARDA',NULL,'ROMERO',NULL,'CI','4479877',NULL,'SOLT',NULL,NULL,1,11,1,1,NULL),
(266,'RUBEN',NULL,'AMARILLA',NULL,'CI','4489173',NULL,'SOLT',NULL,NULL,1,11,1,1,NULL),
(267,'ELIZABETH',NULL,'AQUINO',NULL,'CI','4489518',NULL,'SOLT',NULL,NULL,1,11,1,1,NULL),
(268,'RUTH',NULL,'ECHEVERRIA',NULL,'CI','4493134',NULL,'SOLT',NULL,NULL,1,11,1,1,NULL),
(269,'CARLOS',NULL,'IRALA',NULL,'CI','4507345',NULL,'SOLT',NULL,NULL,1,11,1,1,NULL),
(270,'ALCIDES',NULL,'ADORNO',NULL,'CI','4517829',NULL,'SOLT',NULL,NULL,1,11,1,1,NULL),
(271,'JULIO',NULL,'CABRERA',NULL,'CI','4530662',NULL,'SOLT',NULL,NULL,1,11,1,1,NULL),
(272,'LUZ',NULL,'DIAZ',NULL,'CI','4530762',NULL,'SOLT',NULL,NULL,1,11,1,1,NULL),
(273,'AGUSTINA',NULL,'ROTELA',NULL,'CI','4535753',NULL,'SOLT',NULL,NULL,1,11,1,1,NULL),
(274,'NATALIA',NULL,'VEGA',NULL,'CI','4547353',NULL,'SOLT',NULL,NULL,1,11,1,1,NULL),
(275,'CESAR',NULL,'ARNALDO',NULL,'CI','4549657',NULL,'SOLT',NULL,NULL,1,11,1,1,NULL),
(276,'JULIO',NULL,'CESAR',NULL,'CI','4552738',NULL,'SOLT',NULL,NULL,1,11,1,1,NULL),
(277,'FATIMA',NULL,'ACUNHA',NULL,'CI','4555351',NULL,'SOLT',NULL,NULL,1,11,1,1,NULL),
(278,'GLORIA',NULL,'E.SANCHEZ',NULL,'CI','4604663',NULL,'SOLT',NULL,NULL,1,11,1,1,NULL),
(279,'RAMON',NULL,'PAIVA',NULL,'CI','4619903',NULL,'SOLT',NULL,NULL,1,11,1,1,NULL),
(280,'JORGE',NULL,'LOPEZ',NULL,'CI','4621972',NULL,'SOLT',NULL,NULL,1,11,1,1,NULL),
(281,'MARIA',NULL,'GARCIA',NULL,'CI','4623798',NULL,'SOLT',NULL,NULL,1,11,1,1,NULL),
(282,'MARIA',NULL,'MACIEL',NULL,'CI','4626137',NULL,'SOLT',NULL,NULL,1,11,1,1,NULL),
(283,'RAUL',NULL,'FRETES',NULL,'CI','4631369',NULL,'SOLT',NULL,NULL,1,11,1,1,NULL),
(284,'CARMEN',NULL,'VILLALBA',NULL,'CI','4640077',NULL,'SOLT',NULL,NULL,1,11,1,1,NULL),
(285,'DIEGO',NULL,'VALDEZ',NULL,'CI','4657836',NULL,'SOLT',NULL,NULL,1,11,1,1,NULL),
(286,'RILCY',NULL,'M',NULL,'CI','4661315',NULL,'SOLT',NULL,NULL,1,11,1,1,NULL),
(287,'GERARDO',NULL,'SANCHEZ',NULL,'CI','4669368',NULL,'SOLT',NULL,NULL,1,11,1,1,NULL),
(288,'ANTONIO',NULL,'TORALES',NULL,'CI','4680360',NULL,'SOLT',NULL,NULL,1,11,1,1,NULL),
(289,'LIDIA',NULL,'VILLAGRA',NULL,'CI','4681926',NULL,'SOLT',NULL,NULL,1,11,1,1,NULL),
(290,'ANGELICA',NULL,'CABALLERO',NULL,'CI','4689803',NULL,'SOLT',NULL,NULL,1,11,1,1,NULL),
(291,'MIRIAN',NULL,'AQUINO',NULL,'CI','4698255',NULL,'SOLT',NULL,NULL,1,11,1,1,NULL),
(292,'MARIA',NULL,'AQUINO',NULL,'CI','4698256',NULL,'SOLT',NULL,NULL,1,11,1,1,NULL),
(293,'SERGIO',NULL,'MARTINEZ',NULL,'CI','4699151',NULL,'SOLT',NULL,NULL,1,11,1,1,NULL),
(294,'MARCIAL',NULL,'CANHETE',NULL,'CI','4700725',NULL,'SOLT',NULL,NULL,1,11,1,1,NULL),
(295,'PABLO',NULL,'ROJAS',NULL,'CI','4703413',NULL,'SOLT',NULL,NULL,1,11,1,1,NULL),
(296,'TERESA',NULL,'LUGO',NULL,'CI','4713668',NULL,'SOLT',NULL,NULL,1,11,1,1,NULL),
(297,'HIGINIO',NULL,'GRANCE',NULL,'CI','4717103',NULL,'SOLT',NULL,NULL,1,11,1,1,NULL),
(298,'NICOLAS',NULL,'PEREIRA',NULL,'CI','4727702',NULL,'SOLT',NULL,NULL,1,11,1,1,NULL),
(299,'EULALIA',NULL,'GONZALEZ',NULL,'CI','4728901',NULL,'SOLT',NULL,NULL,1,11,1,1,NULL),
(300,'LIZ',NULL,'ARANDA',NULL,'CI','4730152',NULL,'SOLT',NULL,NULL,1,11,1,1,NULL),
(301,'YANINA',NULL,'RIVEROS',NULL,'CI','4743983',NULL,'SOLT',NULL,NULL,1,11,1,1,NULL),
(302,'ANTONIO',NULL,'RODAS',NULL,'CI','4767347',NULL,'SOLT',NULL,NULL,1,11,1,1,NULL),
(303,'JOSE',NULL,'FRETES',NULL,'CI','4772508',NULL,'SOLT',NULL,NULL,1,11,1,1,NULL),
(304,'LUCIA',NULL,'DUARTE',NULL,'CI','4774003',NULL,'SOLT',NULL,NULL,1,11,1,1,NULL),
(305,'RUTH',NULL,'BENITEZ',NULL,'CI','4784308',NULL,'SOLT',NULL,NULL,1,11,1,1,NULL),
(306,'MIRIAN',NULL,'LUJAN',NULL,'CI','4784594',NULL,'SOLT',NULL,NULL,1,11,1,1,NULL),
(307,'LIZ',NULL,'CORONEL',NULL,'CI','4787230',NULL,'SOLT',NULL,NULL,1,11,1,1,NULL),
(308,'LUCIO',NULL,'FLORENTIN',NULL,'CI','4790574',NULL,'SOLT',NULL,NULL,1,11,1,1,NULL),
(309,'MARIA',NULL,'TANDE',NULL,'CI','4791732',NULL,'SOLT',NULL,NULL,1,11,1,1,NULL),
(310,'MONICA',NULL,'RUIZ',NULL,'CI','479634',NULL,'SOLT',NULL,NULL,1,11,1,1,NULL),
(311,'EDITH',NULL,'AMARILLA',NULL,'CI','4796850',NULL,'SOLT',NULL,NULL,1,11,1,1,NULL),
(312,'LAURA',NULL,'MARECO',NULL,'CI','47984441',NULL,'SOLT',NULL,NULL,1,11,1,1,NULL),
(313,'CINTHIA',NULL,'DUARTE',NULL,'CI','4811884',NULL,'SOLT',NULL,NULL,1,11,1,1,NULL),
(314,'RUTH',NULL,'OCAMPOS',NULL,'CI','4815134',NULL,'SOLT',NULL,NULL,1,11,1,1,NULL),
(315,'DIANA',NULL,'FERNANDEZ',NULL,'CI','4815299',NULL,'SOLT',NULL,NULL,1,11,1,1,NULL),
(316,'CRISTINA',NULL,'ESPINOLA',NULL,'CI','4822591',NULL,'SOLT',NULL,NULL,1,11,1,1,NULL),
(317,'ALBERTO',NULL,'NUNHEZ',NULL,'CI','4836627',NULL,'SOLT',NULL,NULL,1,11,1,1,NULL),
(318,'GERARDO',NULL,'SILVA',NULL,'CI','4837411',NULL,'SOLT',NULL,NULL,1,11,1,1,NULL),
(319,'CARLOS',NULL,'PERALTA',NULL,'CI','4838537',NULL,'SOLT',NULL,NULL,1,11,1,1,NULL),
(320,'MAYRA',NULL,'OVELAR',NULL,'CI','4846914',NULL,'SOLT',NULL,NULL,1,11,1,1,NULL),
(321,'VIRGINIA',NULL,'BENITEZ',NULL,'CI','4848178',NULL,'SOLT',NULL,NULL,1,11,1,1,NULL),
(322,'GERARDO',NULL,'BENITEZ',NULL,'CI','4856272',NULL,'SOLT',NULL,NULL,1,11,1,1,NULL),
(323,'MIRYAN',NULL,'G',NULL,'CI','4857867',NULL,'SOLT',NULL,NULL,1,11,1,1,NULL),
(324,'GESSICA',NULL,'OVELAR',NULL,'CI','4866965',NULL,'SOLT',NULL,NULL,1,11,1,1,NULL),
(325,'KRIS',NULL,'ROJAS',NULL,'CI','4871090',NULL,'SOLT',NULL,NULL,1,11,1,1,NULL),
(326,'SEBASTIAN',NULL,'SOSA',NULL,'CI','4871575',NULL,'SOLT',NULL,NULL,1,11,1,1,NULL),
(327,'EDGAR',NULL,'FIGUEREDO',NULL,'CI','4872236',NULL,'SOLT',NULL,NULL,1,11,1,1,NULL),
(328,'CATALINA',NULL,'FERNANDEZ',NULL,'CI','4875839',NULL,'SOLT',NULL,NULL,1,11,1,1,NULL),
(329,'MARCOS',NULL,'FLORENTIN',NULL,'CI','4876503',NULL,'SOLT',NULL,NULL,1,11,1,1,NULL),
(330,'JOSE',NULL,'LOPEZ',NULL,'CI','4878932',NULL,'SOLT',NULL,NULL,1,11,1,1,NULL),
(331,'JOSE',NULL,'BENEGAS',NULL,'CI','4893334',NULL,'SOLT',NULL,NULL,1,11,1,1,NULL),
(332,'VICTOR',NULL,'PEREZ',NULL,'CI','4894510',NULL,'SOLT',NULL,NULL,1,11,1,1,NULL),
(333,'MARYAM',NULL,'PEREZ',NULL,'CI','4895000',NULL,'SOLT',NULL,NULL,1,11,1,1,NULL),
(334,'EDGAR',NULL,'D',NULL,'CI','4907803',NULL,'SOLT',NULL,NULL,1,11,1,1,NULL),
(335,'SHIRLEY',NULL,'AYALA',NULL,'CI','4915294',NULL,'SOLT',NULL,NULL,1,11,1,1,NULL),
(336,'LUIS',NULL,'AYALA',NULL,'CI','4917778',NULL,'SOLT',NULL,NULL,1,11,1,1,NULL),
(337,'FRANCISCO',NULL,'J.AYALA',NULL,'CI','4917782',NULL,'SOLT',NULL,NULL,1,11,1,1,NULL),
(338,'MARIA',NULL,'C.DUARTE',NULL,'CI','4931682',NULL,'SOLT',NULL,NULL,1,11,1,1,NULL),
(339,'GABRIELA',NULL,'ACEVEDO',NULL,'CI','4933697',NULL,'SOLT',NULL,NULL,1,11,1,1,NULL),
(340,'PATRICIA',NULL,'O',NULL,'CI','4936441',NULL,'SOLT',NULL,NULL,1,11,1,1,NULL),
(341,'ANTONIO',NULL,'FERNANDEZ',NULL,'CI','4946010',NULL,'SOLT',NULL,NULL,1,11,1,1,NULL),
(342,'MARIA',NULL,'CUEVA',NULL,'CI','4947833',NULL,'SOLT',NULL,NULL,1,11,1,1,NULL),
(343,'GISSEL',NULL,'PEREZ',NULL,'CI','4947843',NULL,'SOLT',NULL,NULL,1,11,1,1,NULL),
(344,'FERNANDO',NULL,'PEREZ',NULL,'CI','4947869',NULL,'SOLT',NULL,NULL,1,11,1,1,NULL),
(345,'JUDITH',NULL,'GALEANO',NULL,'CI','4957232',NULL,'SOLT',NULL,NULL,1,11,1,1,NULL),
(346,'VICTOR',NULL,'SAMANIEGO',NULL,'CI','4959761',NULL,'SOLT',NULL,NULL,1,11,1,1,NULL),
(347,'HUGO',NULL,'HUGO',NULL,'CI','4970224',NULL,'SOLT',NULL,NULL,1,11,1,1,NULL),
(348,'CAMILA',NULL,'CABALLERO',NULL,'CI','4990830',NULL,'SOLT',NULL,NULL,1,11,1,1,NULL),
(349,'ALDO',NULL,'SILVA',NULL,'CI','4991583',NULL,'SOLT',NULL,NULL,1,11,1,1,NULL),
(350,'HERNAN',NULL,'BRITEZ',NULL,'CI','4999488',NULL,'SOLT',NULL,NULL,1,11,1,1,NULL),
(351,'MARIO',NULL,'FERNANDEZ',NULL,'CI','5',NULL,'SOLT',NULL,NULL,1,11,1,1,NULL),
(352,'VANESSA',NULL,'LEIVA',NULL,'CI','5002061',NULL,'SOLT',NULL,NULL,1,11,1,1,NULL),
(353,'ARMANDO',NULL,'ZARATE',NULL,'CI','5007340',NULL,'SOLT',NULL,NULL,1,11,1,1,NULL),
(354,'JUANITA',NULL,'FRANCO',NULL,'CI','5019879',NULL,'SOLT',NULL,NULL,1,11,1,1,NULL),
(355,'DIANA',NULL,'FERNANDEZ',NULL,'CI','5020072',NULL,'SOLT',NULL,NULL,1,11,1,1,NULL),
(356,'ISAMAR',NULL,'SAMUDIO',NULL,'CI','5022761',NULL,'SOLT',NULL,NULL,1,11,1,1,NULL),
(357,'LETICIA',NULL,'NUNHEZ',NULL,'CI','5024645',NULL,'SOLT',NULL,NULL,1,11,1,1,NULL),
(358,'JAMILA',NULL,'DELGADO',NULL,'CI','5027717',NULL,'SOLT',NULL,NULL,1,11,1,1,NULL),
(359,'LIZ',NULL,'LOPEZ',NULL,'CI','5028313',NULL,'SOLT',NULL,NULL,1,11,1,1,NULL),
(360,'RODRIGO',NULL,'RUIZ',NULL,'CI','5029746',NULL,'SOLT',NULL,NULL,1,11,1,1,NULL),
(361,'ROMINA',NULL,'BAEZ',NULL,'CI','5035902',NULL,'SOLT',NULL,NULL,1,11,1,1,NULL),
(362,'MARIA',NULL,'R',NULL,'CI','50700293',NULL,'SOLT',NULL,NULL,1,11,1,1,NULL),
(363,'LAURA',NULL,'MOREL',NULL,'CI','5079921',NULL,'SOLT',NULL,NULL,1,11,1,1,NULL),
(364,'JUAN',NULL,'F.',NULL,'CI','5084330',NULL,'SOLT',NULL,NULL,1,11,1,1,NULL),
(365,'MIGUEL',NULL,'VALDEZ',NULL,'CI','5084805',NULL,'SOLT',NULL,NULL,1,11,1,1,NULL),
(366,'AISAR',NULL,'BERNAL',NULL,'CI','5091200',NULL,'SOLT',NULL,NULL,1,11,1,1,NULL),
(367,'EMILIA',NULL,'AVEIRO',NULL,'CI','5091599',NULL,'SOLT',NULL,NULL,1,11,1,1,NULL),
(368,'GERMAN',NULL,'ESPINOLA',NULL,'CI','5097538',NULL,'SOLT',NULL,NULL,1,11,1,1,NULL),
(369,'BERNARDINA',NULL,'AYALA',NULL,'CI','5118042',NULL,'SOLT',NULL,NULL,1,11,1,1,NULL),
(370,'REBECA',NULL,'RIVEROS',NULL,'CI','5125621',NULL,'SOLT',NULL,NULL,1,11,1,1,NULL),
(371,'MARIA',NULL,'RODAS',NULL,'CI','5127699',NULL,'SOLT',NULL,NULL,1,11,1,1,NULL),
(372,'DERLYS',NULL,'OLMEDO',NULL,'CI','5148008',NULL,'SOLT',NULL,NULL,1,11,1,1,NULL),
(373,'RUTH',NULL,'GUZMAN',NULL,'CI','5183093',NULL,'SOLT',NULL,NULL,1,11,1,1,NULL),
(374,'CRISTHIAN',NULL,'VILLAMAYOR',NULL,'CI','5187778',NULL,'SOLT',NULL,NULL,1,11,1,1,NULL),
(375,'FREDY',NULL,'GIMENEZ',NULL,'CI','5195227',NULL,'SOLT',NULL,NULL,1,11,1,1,NULL),
(376,'LESLIE',NULL,'AVEIRO',NULL,'CI','5199969',NULL,'SOLT',NULL,NULL,1,11,1,1,NULL),
(377,'NILZA',NULL,'VILLASBOA',NULL,'CI','5216231',NULL,'SOLT',NULL,NULL,1,11,1,1,NULL),
(378,'JUAN',NULL,'ANTUNEZ',NULL,'CI','5216235',NULL,'SOLT',NULL,NULL,1,11,1,1,NULL),
(379,'JORGE',NULL,'GONZALEZ',NULL,'CI','5216296',NULL,'SOLT',NULL,NULL,1,11,1,1,NULL),
(380,'JHON',NULL,'ESTECHE',NULL,'CI','5234133',NULL,'SOLT',NULL,NULL,1,11,1,1,NULL),
(381,'JUAN',NULL,'DOMINGUEZ',NULL,'CI','5241207',NULL,'SOLT',NULL,NULL,1,11,1,1,NULL),
(382,'BLANCA',NULL,'M',NULL,'CI','5257163',NULL,'SOLT',NULL,NULL,1,11,1,1,NULL),
(383,'ROBERTO',NULL,'LOVERA',NULL,'CI','5261351',NULL,'SOLT',NULL,NULL,1,11,1,1,NULL),
(384,'JUSTO',NULL,'BARBOZA',NULL,'CI','5297904',NULL,'SOLT',NULL,NULL,1,11,1,1,NULL),
(385,'VICTOR',NULL,'MENDOZA',NULL,'CI','5307994',NULL,'SOLT',NULL,NULL,1,11,1,1,NULL),
(386,'MARCELO',NULL,'IBARROLA',NULL,'CI','532326',NULL,'SOLT',NULL,NULL,1,11,1,1,NULL),
(387,'LUIS',NULL,'OSORIO',NULL,'CI','5334824',NULL,'SOLT',NULL,NULL,1,11,1,1,NULL),
(388,'MAGDALENA',NULL,'GONZALEZ',NULL,'CI','5335271',NULL,'SOLT',NULL,NULL,1,11,1,1,NULL),
(389,'GERARDO',NULL,'GENES',NULL,'CI','5343229',NULL,'SOLT',NULL,NULL,1,11,1,1,NULL),
(390,'MAGNA',NULL,'OJEDA',NULL,'CI','5352046',NULL,'SOLT',NULL,NULL,1,11,1,1,NULL),
(391,'ARMANDO',NULL,'GAVILAN',NULL,'CI','5353589',NULL,'SOLT',NULL,NULL,1,11,1,1,NULL),
(392,'CINTIA',NULL,'ZARATE',NULL,'CI','5353960',NULL,'SOLT',NULL,NULL,1,11,1,1,NULL),
(393,'RICARDO',NULL,'ROJAS',NULL,'CI','5355137',NULL,'SOLT',NULL,NULL,1,11,1,1,NULL),
(394,'ROMI',NULL,'RECALDE',NULL,'CI','5355506',NULL,'SOLT',NULL,NULL,1,11,1,1,NULL),
(395,'FABIO',NULL,'ACOSTA',NULL,'CI','5355510',NULL,'SOLT',NULL,NULL,1,11,1,1,NULL),
(396,'MIGUEL',NULL,'ALMEIDA',NULL,'CI','5378730',NULL,'SOLT',NULL,NULL,1,11,1,1,NULL),
(397,'LETICIA',NULL,'MARIN',NULL,'CI','5382875',NULL,'SOLT',NULL,NULL,1,11,1,1,NULL),
(398,'LIZ',NULL,'IBARROLA',NULL,'CI','5408071',NULL,'SOLT',NULL,NULL,1,11,1,1,NULL),
(399,'ADOLFINA',NULL,'VERA',NULL,'CI','5409578',NULL,'SOLT',NULL,NULL,1,11,1,1,NULL),
(400,'ROCIO',NULL,'MARTINEZ',NULL,'CI','5422294',NULL,'SOLT',NULL,NULL,1,11,1,1,NULL),
(401,'GRACIELA',NULL,'A',NULL,'CI','5438928',NULL,'SOLT',NULL,NULL,1,11,1,1,NULL),
(402,'GISELLE',NULL,'BARRIOS',NULL,'CI','5439283',NULL,'SOLT',NULL,NULL,1,11,1,1,NULL),
(403,'AGUILEO',NULL,'VARGAS',NULL,'CI','5440448',NULL,'SOLT',NULL,NULL,1,11,1,1,NULL),
(404,'BRAHIAN',NULL,'C',NULL,'CI','5446045',NULL,'SOLT',NULL,NULL,1,11,1,1,NULL),
(405,'FATIMA',NULL,'A.MARTINEZ',NULL,'CI','5447772',NULL,'SOLT',NULL,NULL,1,11,1,1,NULL),
(406,'MARIO',NULL,'GIMENEZ',NULL,'CI','5463956',NULL,'SOLT',NULL,NULL,1,11,1,1,NULL),
(407,'LOURDES',NULL,'B.ALVARENGA',NULL,'CI','5488976',NULL,'SOLT',NULL,NULL,1,11,1,1,NULL),
(408,'INGRID',NULL,'MART',NULL,'CI','5494977',NULL,'SOLT',NULL,NULL,1,11,1,1,NULL),
(409,'ORIBE',NULL,'B',NULL,'CI','5495761',NULL,'SOLT',NULL,NULL,1,11,1,1,NULL),
(410,'YISEL',NULL,'BARRIOS',NULL,'CI','5502567',NULL,'SOLT',NULL,NULL,1,11,1,1,NULL),
(411,'FRANCISCO',NULL,'LEZCANO',NULL,'CI','5530778',NULL,'SOLT',NULL,NULL,1,11,1,1,NULL),
(412,'PEDRO',NULL,'ORTIZ',NULL,'CI','554715',NULL,'SOLT',NULL,NULL,1,11,1,1,NULL),
(413,'JOEL',NULL,'GONZALEZ',NULL,'CI','5559725',NULL,'SOLT',NULL,NULL,1,11,1,1,NULL),
(414,'ERIKA',NULL,'BARRIOS',NULL,'CI','5595188',NULL,'SOLT',NULL,NULL,1,11,1,1,NULL),
(415,'CINTHIA',NULL,'MORA',NULL,'CI','5595398',NULL,'SOLT',NULL,NULL,1,11,1,1,NULL),
(416,'MARCOS',NULL,'MIRANDA',NULL,'CI','5596569',NULL,'SOLT',NULL,NULL,1,11,1,1,NULL),
(417,'ARTEMIA',NULL,'ARANDA',NULL,'CI','560784',NULL,'SOLT',NULL,NULL,1,11,1,1,NULL),
(418,'MARTA',NULL,'AYALA',NULL,'CI','5620981',NULL,'SOLT',NULL,NULL,1,11,1,1,NULL),
(419,'ALFREDO',NULL,'ARZAMENDIA',NULL,'CI','5649433',NULL,'SOLT',NULL,NULL,1,11,1,1,NULL),
(420,'DIANA',NULL,'NUNHEZ',NULL,'CI','5673366',NULL,'SOLT',NULL,NULL,1,11,1,1,NULL),
(421,'LOURDES',NULL,'FERREIRA',NULL,'CI','5705718',NULL,'SOLT',NULL,NULL,1,11,1,1,NULL),
(422,'CARLOS',NULL,'CABRERA',NULL,'CI','5706151',NULL,'SOLT',NULL,NULL,1,11,1,1,NULL),
(423,'DAHIANA',NULL,'ALONZO',NULL,'CI','5710774',NULL,'SOLT',NULL,NULL,1,11,1,1,NULL),
(424,'JOEL',NULL,'GALEANO',NULL,'CI','5722823',NULL,'SOLT',NULL,NULL,1,11,1,1,NULL),
(425,'HECTOR',NULL,'TOLEDO',NULL,'CI','5729394',NULL,'SOLT',NULL,NULL,1,11,1,1,NULL),
(426,'RUTH',NULL,'PAREDES',NULL,'CI','5738513',NULL,'SOLT',NULL,NULL,1,11,1,1,NULL),
(427,'FLORENTINO',NULL,'VERA',NULL,'CI','5745855',NULL,'SOLT',NULL,NULL,1,11,1,1,NULL),
(428,'OSCAR',NULL,'R',NULL,'CI','5777684',NULL,'SOLT',NULL,NULL,1,11,1,1,NULL),
(429,'CRISTIAN',NULL,'MORENO',NULL,'CI','5778750',NULL,'SOLT',NULL,NULL,1,11,1,1,NULL),
(430,'JUAN',NULL,'LOCIO',NULL,'CI','5784566',NULL,'SOLT',NULL,NULL,1,11,1,1,NULL),
(431,'BELINDA',NULL,'VALLEJOS',NULL,'CI','5795501',NULL,'SOLT',NULL,NULL,1,11,1,1,NULL),
(432,'YESSICA',NULL,'SANABRIA',NULL,'CI','5812774',NULL,'SOLT',NULL,NULL,1,11,1,1,NULL),
(433,'YENIFER',NULL,'CARDOZO',NULL,'CI','5818833',NULL,'SOLT',NULL,NULL,1,11,1,1,NULL),
(434,'LUZ',NULL,'VARGAS',NULL,'CI','5837264',NULL,'SOLT',NULL,NULL,1,11,1,1,NULL),
(435,'JENNY',NULL,'GONZALEZ',NULL,'CI','5842927',NULL,'SOLT',NULL,NULL,1,11,1,1,NULL),
(436,'BLAS',NULL,'CACERES',NULL,'CI','5870777',NULL,'SOLT',NULL,NULL,1,11,1,1,NULL),
(437,'RODRIGO',NULL,'CORREA',NULL,'CI','5879991',NULL,'SOLT',NULL,NULL,1,11,1,1,NULL),
(438,'MARILISA',NULL,'DAVALOS',NULL,'CI','5886710',NULL,'SOLT',NULL,NULL,1,11,1,1,NULL),
(439,'EVER',NULL,'ESCOBAR',NULL,'CI','5891606',NULL,'SOLT',NULL,NULL,1,11,1,1,NULL),
(440,'VERONICA',NULL,'CASTRO',NULL,'CI','5900253',NULL,'SOLT',NULL,NULL,1,11,1,1,NULL),
(441,'SILVESTRE',NULL,'VERA',NULL,'CI','5928863',NULL,'SOLT',NULL,NULL,1,11,1,1,NULL),
(442,'EVER',NULL,'CABRERA',NULL,'CI','5933743',NULL,'SOLT',NULL,NULL,1,11,1,1,NULL),
(443,'PABLO',NULL,'P',NULL,'CI','5940763',NULL,'SOLT',NULL,NULL,1,11,1,1,NULL),
(444,'KARINA',NULL,'A',NULL,'CI','5940773',NULL,'SOLT',NULL,NULL,1,11,1,1,NULL),
(445,'VIRGINIA',NULL,'DIAZ',NULL,'CI','5967361',NULL,'SOLT',NULL,NULL,1,11,1,1,NULL),
(446,'HIPOLITO',NULL,'SANCHEZ',NULL,'CI','597694',NULL,'SOLT',NULL,NULL,1,11,1,1,NULL),
(447,'ALEJANDRO',NULL,'ARCE',NULL,'CI','6005228',NULL,'SOLT',NULL,NULL,1,11,1,1,NULL),
(448,'EMIGDIO',NULL,'GONZALEZ',NULL,'CI','6012334',NULL,'SOLT',NULL,NULL,1,11,1,1,NULL),
(449,'LIZ',NULL,'GONZALEZ',NULL,'CI','6012393',NULL,'SOLT',NULL,NULL,1,11,1,1,NULL),
(450,'ROMINA',NULL,'ARAUJO',NULL,'CI','6013735',NULL,'SOLT',NULL,NULL,1,11,1,1,NULL),
(451,'SABA',NULL,'ACOSTA',NULL,'CI','6101616',NULL,'SOLT',NULL,NULL,1,11,1,1,NULL),
(452,'PEDRO',NULL,'SANABRIA',NULL,'CI','6110154',NULL,'SOLT',NULL,NULL,1,11,1,1,NULL),
(453,'NATALIA',NULL,'FRETES',NULL,'CI','6112905',NULL,'SOLT',NULL,NULL,1,11,1,1,NULL),
(454,'CATALINA',NULL,'CANHETE',NULL,'CI','613082',NULL,'SOLT',NULL,NULL,1,11,1,1,NULL),
(455,'DELICIA',NULL,'JARA',NULL,'CI','6140369',NULL,'SOLT',NULL,NULL,1,11,1,1,NULL),
(456,'LIZ',NULL,'CANHETE',NULL,'CI','6144361',NULL,'SOLT',NULL,NULL,1,11,1,1,NULL),
(457,'CAROLINA',NULL,'ZCABRERA',NULL,'CI','6164544',NULL,'SOLT',NULL,NULL,1,11,1,1,NULL),
(458,'JOSE',NULL,'RODRIGUEZ',NULL,'CI','6167468',NULL,'SOLT',NULL,NULL,1,11,1,1,NULL),
(459,'VICENTA',NULL,'PANAS',NULL,'CI','618333',NULL,'SOLT',NULL,NULL,1,11,1,1,NULL),
(460,'MIGUEL',NULL,'GONZALEZ',NULL,'CI','6195395',NULL,'SOLT',NULL,NULL,1,11,1,1,NULL),
(461,'LETICIA',NULL,'SANCHEZ',NULL,'CI','6215985',NULL,'SOLT',NULL,NULL,1,11,1,1,NULL),
(462,'DERLIS',NULL,'CABANHAS',NULL,'CI','6226069',NULL,'SOLT',NULL,NULL,1,11,1,1,NULL),
(463,'TOMAS',NULL,'AYALA',NULL,'CI','623668',NULL,'SOLT',NULL,NULL,1,11,1,1,NULL),
(464,'YENIFER',NULL,'ESCOBAR',NULL,'CI','6239019',NULL,'SOLT',NULL,NULL,1,11,1,1,NULL),
(465,'CRISTIAN',NULL,'ORTIZ',NULL,'CI','6244374',NULL,'SOLT',NULL,NULL,1,11,1,1,NULL),
(466,'HUGO',NULL,'SALINAS',NULL,'CI','6246035',NULL,'SOLT',NULL,NULL,1,11,1,1,NULL),
(467,'JOHANA',NULL,'SALINAS',NULL,'CI','6246036',NULL,'SOLT',NULL,NULL,1,11,1,1,NULL),
(468,'MAURICIO',NULL,'ROMERO',NULL,'CI','6352362',NULL,'SOLT',NULL,NULL,1,11,1,1,NULL),
(469,'ANA',NULL,'ALVEZ',NULL,'CI','6357666',NULL,'SOLT',NULL,NULL,1,11,1,1,NULL),
(470,'FRANCISCO',NULL,'BOGADO',NULL,'CI','6383624',NULL,'SOLT',NULL,NULL,1,11,1,1,NULL),
(471,'MARTINA',NULL,'MAZ',NULL,'CI','6508729',NULL,'SOLT',NULL,NULL,1,11,1,1,NULL),
(472,'LUIS',NULL,'FRANCO',NULL,'CI','65125231',NULL,'SOLT',NULL,NULL,1,11,1,1,NULL),
(473,'NILTON',NULL,'SANCHEZ',NULL,'CI','6528735',NULL,'SOLT',NULL,NULL,1,11,1,1,NULL),
(474,'ALDO',NULL,'DIAZ',NULL,'CI','6541064',NULL,'SOLT',NULL,NULL,1,11,1,1,NULL),
(475,'ESTEBAN',NULL,'BELOSO',NULL,'CI','654726',NULL,'SOLT',NULL,NULL,1,11,1,1,NULL),
(476,'MILAGROS',NULL,'MOSQUEIRA',NULL,'CI','6564188',NULL,'SOLT',NULL,NULL,1,11,1,1,NULL),
(477,'ANTOLINA',NULL,'VILLALBA',NULL,'CI','657366',NULL,'SOLT',NULL,NULL,1,11,1,1,NULL),
(478,'OSVALDO',NULL,'DOMINGUEZ',NULL,'CI','6574426',NULL,'SOLT',NULL,NULL,1,11,1,1,NULL),
(479,'ALEXI',NULL,'GOMEZ',NULL,'CI','6605663',NULL,'SOLT',NULL,NULL,1,11,1,1,NULL),
(480,'OSCAR',NULL,'ARANDA',NULL,'CI','6624756',NULL,'SOLT',NULL,NULL,1,11,1,1,NULL),
(481,'GUSTAVO',NULL,'RODRIGUEZ',NULL,'CI','6633610',NULL,'SOLT',NULL,NULL,1,11,1,1,NULL),
(482,'VIVIANA',NULL,'RODRIGUEZ',NULL,'CI','6645292',NULL,'SOLT',NULL,NULL,1,11,1,1,NULL),
(483,'ALBERTO',NULL,'VILLAGRA',NULL,'CI','6651386',NULL,'SOLT',NULL,NULL,1,11,1,1,NULL),
(484,'FABRICIO',NULL,'F',NULL,'CI','6653406',NULL,'SOLT',NULL,NULL,1,11,1,1,NULL),
(485,'FERNANDO',NULL,'VILLASANTI',NULL,'CI','666',NULL,'SOLT',NULL,NULL,1,11,1,1,NULL),
(486,'RONALDO',NULL,'F.ARANDA',NULL,'CI','6661572',NULL,'SOLT',NULL,NULL,1,11,1,1,NULL),
(487,'REINA',NULL,'C',NULL,'CI','6664532',NULL,'SOLT',NULL,NULL,1,11,1,1,NULL),
(488,'MONICA',NULL,'ORTIZ',NULL,'CI','6664759',NULL,'SOLT',NULL,NULL,1,11,1,1,NULL),
(489,'GERARDO',NULL,'ORTIZ',NULL,'CI','6666128',NULL,'SOLT',NULL,NULL,1,11,1,1,NULL),
(490,'BLAS',NULL,'E',NULL,'CI','6669974',NULL,'SOLT',NULL,NULL,1,11,1,1,NULL),
(491,'GLADYS',NULL,'FERNANDEZ',NULL,'CI','667',NULL,'SOLT',NULL,NULL,1,11,1,1,NULL),
(492,'VICTOR',NULL,'MOREL',NULL,'CI','6685843',NULL,'SOLT',NULL,NULL,1,11,1,1,NULL),
(493,'ALAN',NULL,'VERA',NULL,'CI','6687415',NULL,'SOLT',NULL,NULL,1,11,1,1,NULL),
(494,'ALEJANDRO',NULL,'BAEZ',NULL,'CI','6691842',NULL,'SOLT',NULL,NULL,1,11,1,1,NULL),
(495,'VICTOR',NULL,'FERREIRA',NULL,'CI','6692344',NULL,'SOLT',NULL,NULL,1,11,1,1,NULL),
(496,'LILIAN',NULL,'BENITEZ',NULL,'CI','6704848',NULL,'SOLT',NULL,NULL,1,11,1,1,NULL),
(497,'FERNANDO',NULL,'AMARILLA',NULL,'CI','6710287',NULL,'SOLT',NULL,NULL,1,11,1,1,NULL),
(498,'EMMANUEL',NULL,'ARGUELLO',NULL,'CI','6710308',NULL,'SOLT',NULL,NULL,1,11,1,1,NULL),
(499,'ROSA',NULL,'HERMOSILLA',NULL,'CI','674683',NULL,'SOLT',NULL,NULL,1,11,1,1,NULL),
(500,'SONIA',NULL,'GONZALEZ',NULL,'CI','6767788',NULL,'SOLT',NULL,NULL,1,11,1,1,NULL),
(501,'FRANCISCO',NULL,'ROJAS',NULL,'CI','6778679',NULL,'SOLT',NULL,NULL,1,11,1,1,NULL),
(502,'RIGOBERTO',NULL,'PEREIRA',NULL,'CI','6787235',NULL,'SOLT',NULL,NULL,1,11,1,1,NULL),
(503,'ALEXIS',NULL,'ESCOBAR',NULL,'CI','6796605',NULL,'SOLT',NULL,NULL,1,11,1,1,NULL),
(504,'ALVARO',NULL,'FLEITAS',NULL,'CI','6797772',NULL,'SOLT',NULL,NULL,1,11,1,1,NULL),
(505,'ALEXIS',NULL,'BENITEZ',NULL,'CI','6812354',NULL,'SOLT',NULL,NULL,1,11,1,1,NULL),
(506,'NESTOR',NULL,'ALVARENGA',NULL,'CI','6869817',NULL,'SOLT',NULL,NULL,1,11,1,1,NULL),
(507,'EDGAR',NULL,'FERREIRA',NULL,'CI','688839',NULL,'SOLT',NULL,NULL,1,11,1,1,NULL),
(508,'CARINA',NULL,'COLMAN',NULL,'CI','6972731',NULL,'SOLT',NULL,NULL,1,11,1,1,NULL),
(509,'PROVEEDOR',NULL,'MIGRACION',NULL,'CI','888',NULL,'SOLT',NULL,NULL,1,11,1,1,NULL),
(510,'PRUEBA1 NOMBRE1','PRUEBA2 NOMBRE2','PRUEBA APELLIDO1','PRUEBA APELLIDO2','CI','9999',NULL,'SOLT','','0985-666-555',1,1,1,1,'CAACUPEMI BARRIO SAN ANTONIO'),
(511,'COBRADOR',NULL,'PRUEBA',NULL,'CI',NULL,NULL,NULL,NULL,NULL,NULL,NULL,NULL,NULL,NULL),
(512,'VENDEDOR',NULL,'PRUEBA',NULL,'CI',NULL,NULL,NULL,NULL,NULL,NULL,NULL,NULL,NULL,NULL),
(513,'SYSTEM','','SYS','','CI','7777',NULL,'CAS','','',1,11,2,1,''),
(514,'SYSTEM2',NULL,'SYS2',NULL,'CI','5555',NULL,'CAS',NULL,NULL,NULL,NULL,NULL,NULL,NULL),
(515,'PROVEEDOR',NULL,'GRAL',NULL,'CI','',NULL,'CAS',NULL,NULL,NULL,NULL,NULL,NULL,NULL);

/*Table structure for table `proveedores` */

DROP TABLE IF EXISTS `proveedores`;

CREATE TABLE `proveedores` (
  `cod_proveedor` int(10) NOT NULL AUTO_INCREMENT,
  `cod_persona` int(10) NOT NULL,
  `cod_tipo_prov` int(10) DEFAULT NULL,
  `razon_social` varchar(100) DEFAULT NULL,
  `estado` int(10) DEFAULT NULL,
  PRIMARY KEY (`cod_proveedor`),
  KEY `fk_proveedores_cod_pers` (`cod_persona`),
  KEY `fk_proveedores_cod_estado` (`estado`),
  KEY `fk_proveedores_cod_tip_prov` (`cod_tipo_prov`),
  CONSTRAINT `fk_proveedores_cod_estado` FOREIGN KEY (`estado`) REFERENCES `estados` (`cod_estado`),
  CONSTRAINT `fk_proveedores_cod_pers` FOREIGN KEY (`cod_persona`) REFERENCES `personas` (`cod_persona`),
  CONSTRAINT `fk_proveedores_cod_tip_prov` FOREIGN KEY (`cod_tipo_prov`) REFERENCES `tipo_proveedor` (`cod_tipo_prov`)
) ENGINE=InnoDB AUTO_INCREMENT=2 DEFAULT CHARSET=utf8;

/*Data for the table `proveedores` */

insert  into `proveedores`(`cod_proveedor`,`cod_persona`,`cod_tipo_prov`,`razon_social`,`estado`) values 
(1,515,1,NULL,1);

/*Table structure for table `saldos_cliente` */

DROP TABLE IF EXISTS `saldos_cliente`;

CREATE TABLE `saldos_cliente` (
  `cod_saldo` int(10) NOT NULL AUTO_INCREMENT,
  `cod_comp` int(10) NOT NULL,
  `numero_comp` int(10) NOT NULL,
  `numero_cuota` int(10) DEFAULT NULL,
  `cod_sucursal` int(5) DEFAULT NULL,
  `cod_cliente` int(10) DEFAULT NULL,
  `fecha_vencimiento` date DEFAULT NULL,
  `monto_cuota` decimal(10,2) DEFAULT NULL,
  `cod_moneda` int(5) DEFAULT NULL,
  `saldo_cuota` decimal(10,2) DEFAULT NULL,
  `cod_usuario` varchar(20) DEFAULT NULL,
  PRIMARY KEY (`cod_saldo`),
  KEY `fk_saldo_client_cod_comp` (`cod_comp`),
  KEY `fk_saldo_client_cod_cli` (`cod_cliente`),
  KEY `fk_saldo_client_cod_suc` (`cod_sucursal`),
  KEY `fk_saldo_client_cod_moned` (`cod_moneda`),
  CONSTRAINT `fk_saldo_client_cod_cli` FOREIGN KEY (`cod_cliente`) REFERENCES `clientes` (`cod_cliente`),
  CONSTRAINT `fk_saldo_client_cod_comp` FOREIGN KEY (`cod_comp`) REFERENCES `comprobantes_cabecera` (`cod_compob`),
  CONSTRAINT `fk_saldo_client_cod_suc` FOREIGN KEY (`cod_sucursal`) REFERENCES `sucursales` (`cod_sucursal`)
) ENGINE=InnoDB DEFAULT CHARSET=utf8;

/*Data for the table `saldos_cliente` */

/*Table structure for table `sucursales` */

DROP TABLE IF EXISTS `sucursales`;

CREATE TABLE `sucursales` (
  `cod_sucursal` int(5) NOT NULL AUTO_INCREMENT,
  `descripcion` varchar(50) NOT NULL,
  PRIMARY KEY (`cod_sucursal`)
) ENGINE=InnoDB AUTO_INCREMENT=2 DEFAULT CHARSET=utf8;

/*Data for the table `sucursales` */

insert  into `sucursales`(`cod_sucursal`,`descripcion`) values 
(1,'CASA CENTRAL');

/*Table structure for table `sucursales_comprobantes_cabecera` */

DROP TABLE IF EXISTS `sucursales_comprobantes_cabecera`;

CREATE TABLE `sucursales_comprobantes_cabecera` (
  `Sucursales_cod_sucursal` int(11) NOT NULL,
  `comprobantesCabeceraList_cod_compob` int(11) NOT NULL,
  PRIMARY KEY (`Sucursales_cod_sucursal`,`comprobantesCabeceraList_cod_compob`),
  KEY `SCRSLScmprbntescabeceracmprbntsCbceraListcodcompob` (`comprobantesCabeceraList_cod_compob`),
  CONSTRAINT `SCRSLScmprbntescabeceracmprbntsCbceraListcodcompob` FOREIGN KEY (`comprobantesCabeceraList_cod_compob`) REFERENCES `comprobantes_cabecera` (`cod_compob`),
  CONSTRAINT `SCURSALEScomprobantescabeceraSucursalescodsucursal` FOREIGN KEY (`Sucursales_cod_sucursal`) REFERENCES `sucursales` (`cod_sucursal`)
) ENGINE=InnoDB DEFAULT CHARSET=utf8;

/*Data for the table `sucursales_comprobantes_cabecera` */

/*Table structure for table `sucursales_saldos_cliente` */

DROP TABLE IF EXISTS `sucursales_saldos_cliente`;

CREATE TABLE `sucursales_saldos_cliente` (
  `Sucursales_cod_sucursal` int(11) NOT NULL,
  `saldosClienteList_cod_saldo` int(11) NOT NULL,
  PRIMARY KEY (`Sucursales_cod_sucursal`,`saldosClienteList_cod_saldo`),
  KEY `SUCURSALESsaldosclientesaldosClienteList_cod_saldo` (`saldosClienteList_cod_saldo`),
  CONSTRAINT `SUCURSALES_saldos_cliente_Sucursales_cod_sucursal` FOREIGN KEY (`Sucursales_cod_sucursal`) REFERENCES `sucursales` (`cod_sucursal`),
  CONSTRAINT `SUCURSALESsaldosclientesaldosClienteList_cod_saldo` FOREIGN KEY (`saldosClienteList_cod_saldo`) REFERENCES `saldos_cliente` (`cod_saldo`)
) ENGINE=InnoDB DEFAULT CHARSET=utf8;

/*Data for the table `sucursales_saldos_cliente` */

/*Table structure for table `tipo_cliente` */

DROP TABLE IF EXISTS `tipo_cliente`;

CREATE TABLE `tipo_cliente` (
  `cod_tip_cliente` int(10) NOT NULL AUTO_INCREMENT,
  `descripcion` varchar(100) NOT NULL,
  PRIMARY KEY (`cod_tip_cliente`)
) ENGINE=InnoDB AUTO_INCREMENT=2 DEFAULT CHARSET=utf8;

/*Data for the table `tipo_cliente` */

insert  into `tipo_cliente`(`cod_tip_cliente`,`descripcion`) values 
(1,'OCACIONAL');

/*Table structure for table `tipo_comprobantes` */

DROP TABLE IF EXISTS `tipo_comprobantes`;

CREATE TABLE `tipo_comprobantes` (
  `cod_tipo_comp` int(10) NOT NULL AUTO_INCREMENT,
  `abreviacion` varchar(5) NOT NULL,
  `descripcion` varchar(50) NOT NULL,
  PRIMARY KEY (`cod_tipo_comp`)
) ENGINE=InnoDB AUTO_INCREMENT=4 DEFAULT CHARSET=utf8;

/*Data for the table `tipo_comprobantes` */

insert  into `tipo_comprobantes`(`cod_tipo_comp`,`abreviacion`,`descripcion`) values 
(1,'FCO','FACTURA CONTADO'),
(2,'FCR','FACTURA_CREDITO'),
(3,'REC','RECIBO DE VENTA');

/*Table structure for table `tipo_documentos` */

DROP TABLE IF EXISTS `tipo_documentos`;

CREATE TABLE `tipo_documentos` (
  `cod_tipo_doc` varchar(10) NOT NULL,
  `desc_tipo_doc` varchar(100) NOT NULL,
  PRIMARY KEY (`cod_tipo_doc`)
) ENGINE=InnoDB DEFAULT CHARSET=utf8;

/*Data for the table `tipo_documentos` */

insert  into `tipo_documentos`(`cod_tipo_doc`,`desc_tipo_doc`) values 
('CI','CEDULA DE IDENTIDAD'),
('PAS','PASAPORTE'),
('RUC','REGISTRO UNICO CONTRIBUYENTE');

/*Table structure for table `tipo_proveedor` */

DROP TABLE IF EXISTS `tipo_proveedor`;

CREATE TABLE `tipo_proveedor` (
  `cod_tipo_prov` int(10) NOT NULL AUTO_INCREMENT,
  `descripcion` varchar(50) NOT NULL,
  PRIMARY KEY (`cod_tipo_prov`)
) ENGINE=InnoDB AUTO_INCREMENT=2 DEFAULT CHARSET=utf8;

/*Data for the table `tipo_proveedor` */

insert  into `tipo_proveedor`(`cod_tipo_prov`,`descripcion`) values 
(1,'MAYORISTA');

/*Table structure for table `unidades_medidas` */

DROP TABLE IF EXISTS `unidades_medidas`;

CREATE TABLE `unidades_medidas` (
  `cod_uni_medida` int(5) NOT NULL AUTO_INCREMENT,
  `descripcion` varchar(100) NOT NULL,
  PRIMARY KEY (`cod_uni_medida`)
) ENGINE=InnoDB AUTO_INCREMENT=6 DEFAULT CHARSET=utf8;

/*Data for the table `unidades_medidas` */

insert  into `unidades_medidas`(`cod_uni_medida`,`descripcion`) values 
(1,'UNIDAD'),
(2,'GRAMOS'),
(3,'KILOGRAMOS'),
(4,'MILIMETRO'),
(5,'CENTIMETRO');

/*Table structure for table `vendedores` */

DROP TABLE IF EXISTS `vendedores`;

CREATE TABLE `vendedores` (
  `cod_vendedor` int(10) NOT NULL AUTO_INCREMENT,
  `cod_persona` int(10) NOT NULL,
  `cod_zona` int(10) DEFAULT NULL,
  `descripcion` varchar(100) DEFAULT NULL,
  `porc_comision` decimal(10,2) DEFAULT NULL,
  `estado` varchar(1) DEFAULT NULL,
  PRIMARY KEY (`cod_vendedor`),
  KEY `fk_vend_cod_persona` (`cod_persona`),
  CONSTRAINT `fk_vend_cod_persona` FOREIGN KEY (`cod_persona`) REFERENCES `personas` (`cod_persona`)
) ENGINE=InnoDB AUTO_INCREMENT=2 DEFAULT CHARSET=utf8;

/*Data for the table `vendedores` */

insert  into `vendedores`(`cod_vendedor`,`cod_persona`,`cod_zona`,`descripcion`,`porc_comision`,`estado`) values 
(1,512,NULL,NULL,NULL,'A');

/*!40101 SET SQL_MODE=@OLD_SQL_MODE */;
/*!40014 SET FOREIGN_KEY_CHECKS=@OLD_FOREIGN_KEY_CHECKS */;
/*!40014 SET UNIQUE_CHECKS=@OLD_UNIQUE_CHECKS */;
/*!40111 SET SQL_NOTES=@OLD_SQL_NOTES */;
